,Date,Time,Environment,Noise,Breakdown_chance,Train_data,env.R1,env.R2,env.R3,Wear threshold,Look-ahead Factor,Episodes,Terminate on,Test_info,Test_cases,Metrics_method,Version
0,20-Jun-23,18:09:02,Simulated Dasic 2006 - simple (NT) state - NBD-SS,None,0,data\Simulated_Dasic_2006_Tool_Wear_Model_Train.csv,1,-1,-100,3,1,800,121,Separate test set.,40,binary,0_Dasic_SS_NT_10K_NoNBD_
1,,,,,,,,,,,,,,,,,
2,,Precision,Precision,Recall,Recall,F_Beta_0_5,F_Beta_0_5,F_Beta_0_75,F_Beta_0_75,F_1_Score,F_1_Score,Normal_error,Replace_error,Overall_error,,,
3,,mean,std,mean,std,mean,std,mean,std,mean,std,mean,mean,mean,,,
4,Algorithm,,,,,,,,,,,,,,,,
5,A2C,0.608,0.0534,0.67,0.1006,0.6174,0.0542,0.626,0.059,0.6343,0.0655,0.435,0.33,0.3825,,,
6,DQN,0.5067,0.0141,0.98,0.0258,0.5608,0.0146,0.6132,0.015,0.6679,0.0156,0.955,0.02,0.4875,,,
7,PPO,0.3,0.2159,0.055,0.0369,0.1544,0.1032,0.1128,0.075,0.0916,0.061,0.12,0.945,0.5325,,,
8,REINFORCE,1,0,0.65,0.0333,0.9023,0.0129,0.8371,0.02,0.7874,0.0245,0,0.35,0.175,,,
9,------------------------------------------------------------------------------------------------------------------------,,,,,,,,,,,,,,,,
10,Date,Time,Environment,Noise,Breakdown_chance,Train_data,env.R1,env.R2,env.R3,Wear threshold,Look-ahead Factor,Episodes,Terminate on,Test_info,Test_cases,Metrics_method,Version
11,20-Jun-23,18:10:26,Simulated Dasic 2006 - simple (NT) state - LBD-SS,0.001,0.05,data\Simulated_Dasic_2006_Tool_Wear_Model_Train.csv,1,-1,-100,3,1,800,121,Separate test set.,40,binary,1_Dasic_SS_NT_10K_LowNBD_
12,,,,,,,,,,,,,,,,,
13,,Precision,Precision,Recall,Recall,F_Beta_0_5,F_Beta_0_5,F_Beta_0_75,F_Beta_0_75,F_1_Score,F_1_Score,Normal_error,Replace_error,Overall_error,,,
14,,mean,std,mean,std,mean,std,mean,std,mean,std,mean,mean,mean,,,
15,Algorithm,,,,,,,,,,,,,,,,
16,A2C,0.6674,0.0853,0.495,0.1279,0.6195,0.0878,0.5876,0.0949,0.5632,0.1024,0.245,0.505,0.375,,,
17,DQN,0.1779,0.0137,0.21,0.0211,0.1834,0.0144,0.1881,0.0153,0.1925,0.0162,0.97,0.79,0.88,,,
18,PPO,0.25,0.3263,0.03,0.035,0.1004,0.121,0.0683,0.081,0.0534,0.0628,0.07,0.97,0.52,,,
19,REINFORCE,0.9343,0.0483,0.965,0.0337,0.9399,0.0413,0.9445,0.0364,0.9487,0.0331,0.07,0.035,0.0525,,,
20,------------------------------------------------------------------------------------------------------------------------,,,,,,,,,,,,,,,,
21,Date,Time,Environment,Noise,Breakdown_chance,Train_data,env.R1,env.R2,env.R3,Wear threshold,Look-ahead Factor,Episodes,Terminate on,Test_info,Test_cases,Metrics_method,Version
22,20-Jun-23,18:11:45,Simulated Dasic 2006 - simple (NT) state - HBD-SS,0.01,0.1,data\Simulated_Dasic_2006_Tool_Wear_Model_Train.csv,1,-1,-100,3,1,800,121,Separate test set.,40,binary,2_Dasic_SS_NT_10K_HighNBD_
23,,,,,,,,,,,,,,,,,
24,,Precision,Precision,Recall,Recall,F_Beta_0_5,F_Beta_0_5,F_Beta_0_75,F_Beta_0_75,F_1_Score,F_1_Score,Normal_error,Replace_error,Overall_error,,,
25,,mean,std,mean,std,mean,std,mean,std,mean,std,mean,mean,mean,,,
26,Algorithm,,,,,,,,,,,,,,,,
27,A2C,0.4176,0.1387,0.375,0.1439,0.4058,0.1365,0.3978,0.1362,0.3917,0.1368,0.51,0.625,0.5675,,,
28,DQN,0.35,0.4743,0.025,0.0354,0.0952,0.1315,0.0609,0.085,0.0463,0.065,0.015,0.975,0.495,,,
29,PPO,0.2944,0.2037,0.085,0.053,0.1949,0.1268,0.1543,0.0985,0.1308,0.0827,0.2,0.915,0.5575,,,
30,REINFORCE,0.9084,0.0417,0.975,0.0264,0.9207,0.0357,0.9309,0.0313,0.9401,0.0281,0.1,0.025,0.0625,,,
31,------------------------------------------------------------------------------------------------------------------------,,,,,,,,,,,,,,,,
32,Date,Time,Environment,Noise,Breakdown_chance,Train_data,env.R1,env.R2,env.R3,Wear threshold,Look-ahead Factor,Episodes,Terminate on,Test_info,Test_cases,Metrics_method,Version
33,20-Jun-23,18:13:07,PHM C01 simple (NT) NBD-SS,None,0,data\PHM_Tool_Wear_Data_C01_0p12.csv,1,-2,-40,0.12,0.95,800,348,Separate test set.,40,binary,3_PHM_C01_SS_NT_10K_NoNBD_
34,,,,,,,,,,,,,,,,,
35,,Precision,Precision,Recall,Recall,F_Beta_0_5,F_Beta_0_5,F_Beta_0_75,F_Beta_0_75,F_1_Score,F_1_Score,Normal_error,Replace_error,Overall_error,,,
36,,mean,std,mean,std,mean,std,mean,std,mean,std,mean,mean,mean,,,
37,Algorithm,,,,,,,,,,,,,,,,
38,A2C,0,0,0,0,0,0,0,0,0,0,0,1,0.5,,,
39,DQN,0.4833,0.4743,0.03,0.0258,0.1168,0.1019,0.0738,0.0637,0.0559,0.0482,0.02,0.97,0.495,,,
40,PPO,0.4875,0.2804,0.1,0.0624,0.2507,0.1275,0.1897,0.1024,0.1577,0.0888,0.13,0.9,0.515,,,
41,REINFORCE,0.9136,0.0639,0.97,0.0422,0.9239,0.0563,0.9324,0.0507,0.9401,0.0465,0.095,0.03,0.0625,,,
42,------------------------------------------------------------------------------------------------------------------------,,,,,,,,,,,,,,,,
43,Date,Time,Environment,Noise,Breakdown_chance,Train_data,env.R1,env.R2,env.R3,Wear threshold,Look-ahead Factor,Episodes,Terminate on,Test_info,Test_cases,Metrics_method,Version
44,20-Jun-23,18:14:36,PHM C01 simple (NT) LBD-SS,0.001,0.05,data\PHM_Tool_Wear_Data_C01_0p12.csv,1,-1,-100,0.12,0.9,800,348,Separate test set.,40,binary,4_PHM_C01_SS_NT_10K_LowNBD_
45,,,,,,,,,,,,,,,,,
46,,Precision,Precision,Recall,Recall,F_Beta_0_5,F_Beta_0_5,F_Beta_0_75,F_Beta_0_75,F_1_Score,F_1_Score,Normal_error,Replace_error,Overall_error,,,
47,,mean,std,mean,std,mean,std,mean,std,mean,std,mean,mean,mean,,,
48,Algorithm,,,,,,,,,,,,,,,,
49,A2C,0.4921,0.0975,0.42,0.1006,0.4745,0.0977,0.4619,0.0981,0.4516,0.0986,0.43,0.58,0.505,,,
50,DQN,0.0833,0.18,0.01,0.0211,0.0335,0.0708,0.0228,0.048,0.0178,0.0375,0.025,0.99,0.5075,,,
51,PPO,0.4763,0.0824,0.49,0.0994,0.4777,0.0827,0.4793,0.0842,0.481,0.0864,0.54,0.51,0.525,,,
52,REINFORCE,0.9163,0.0459,0.915,0.053,0.9155,0.0409,0.915,0.0393,0.9148,0.0398,0.085,0.085,0.085,,,
53,------------------------------------------------------------------------------------------------------------------------,,,,,,,,,,,,,,,,
54,Date,Time,Environment,Noise,Breakdown_chance,Train_data,env.R1,env.R2,env.R3,Wear threshold,Look-ahead Factor,Episodes,Terminate on,Test_info,Test_cases,Metrics_method,Version
55,20-Jun-23,18:16:06,PHM C01 simple (NT) HBD-SS,0.01,0.1,data\PHM_Tool_Wear_Data_C01_0p12.csv,1,-1,-40,0.12,0.85,800,348,Separate test set.,40,binary,5_PHM_C01_SS_NT_10K_HighNBD_
56,,,,,,,,,,,,,,,,,
57,,Precision,Precision,Recall,Recall,F_Beta_0_5,F_Beta_0_5,F_Beta_0_75,F_Beta_0_75,F_1_Score,F_1_Score,Normal_error,Replace_error,Overall_error,,,
58,,mean,std,mean,std,mean,std,mean,std,mean,std,mean,mean,mean,,,
59,Algorithm,,,,,,,,,,,,,,,,
60,A2C,0.4854,0.0675,0.5,0.0882,0.4873,0.0683,0.4892,0.0701,0.4912,0.0727,0.53,0.5,0.515,,,
61,DQN,0.2,0.4216,0.01,0.0211,0.0417,0.0878,0.0255,0.0538,0.019,0.0402,0.02,0.99,0.505,,,
62,PPO,0.2952,0.2191,0.055,0.0438,0.1533,0.1158,0.1123,0.0863,0.0913,0.071,0.135,0.945,0.54,,,
63,REINFORCE,0.7246,0.0779,0.955,0.0643,0.7608,0.0746,0.7927,0.0717,0.823,0.0691,0.37,0.045,0.2075,,,
64,------------------------------------------------------------------------------------------------------------------------,,,,,,,,,,,,,,,,
65,Date,Time,Environment,Noise,Breakdown_chance,Train_data,env.R1,env.R2,env.R3,Wear threshold,Look-ahead Factor,Episodes,Terminate on,Test_info,Test_cases,Metrics_method,Version
66,20-Jun-23,18:17:31,PHM C04 simple (NT) NBD-SS,None,0,data\PHM_Tool_Wear_Data_C04_0p098.csv,1,-1,-40,0.098,0.95,800,348,Separate test set.,40,binary,6_PHM_C04_SS_NT_10K_NoNBD_
67,,,,,,,,,,,,,,,,,
68,,Precision,Precision,Recall,Recall,F_Beta_0_5,F_Beta_0_5,F_Beta_0_75,F_Beta_0_75,F_1_Score,F_1_Score,Normal_error,Replace_error,Overall_error,,,
69,,mean,std,mean,std,mean,std,mean,std,mean,std,mean,mean,mean,,,
70,Algorithm,,,,,,,,,,,,,,,,
71,A2C,0.5145,0.1228,0.54,0.135,0.5191,0.1247,0.5229,0.1263,0.5264,0.128,0.51,0.46,0.485,,,
72,DQN,0.5078,0.0091,0.995,0.0158,0.5629,0.0093,0.6164,0.0095,0.6723,0.0097,0.965,0.005,0.485,,,
73,PPO,0.175,0.2899,0.03,0.0537,0.0873,0.1515,0.063,0.1109,0.0508,0.0899,0.05,0.97,0.51,,,
74,REINFORCE,0.8744,0.0475,0.945,0.0643,0.8863,0.0357,0.8966,0.0309,0.9061,0.032,0.14,0.055,0.0975,,,
75,------------------------------------------------------------------------------------------------------------------------,,,,,,,,,,,,,,,,
76,Date,Time,Environment,Noise,Breakdown_chance,Train_data,env.R1,env.R2,env.R3,Wear threshold,Look-ahead Factor,Episodes,Terminate on,Test_info,Test_cases,Metrics_method,Version
77,20-Jun-23,18:18:59,PHM C04 simple (NT) LBD-SS,0.001,0.05,data\PHM_Tool_Wear_Data_C04_0p098.csv,1,-1,-40,0.098,0.85,800,348,Separate test set.,40,binary,7_PHM_C04_SS_NT_10K_LowNBD_
78,,,,,,,,,,,,,,,,,
79,,Precision,Precision,Recall,Recall,F_Beta_0_5,F_Beta_0_5,F_Beta_0_75,F_Beta_0_75,F_1_Score,F_1_Score,Normal_error,Replace_error,Overall_error,,,
80,,mean,std,mean,std,mean,std,mean,std,mean,std,mean,mean,mean,,,
81,Algorithm,,,,,,,,,,,,,,,,
82,A2C,0.5314,0.0578,0.54,0.115,0.5317,0.0656,0.5325,0.0734,0.5335,0.0813,0.47,0.46,0.465,,,
83,DQN,0.4987,0.0095,0.97,0.0258,0.5524,0.0105,0.6044,0.0117,0.6587,0.0131,0.975,0.03,0.5025,,,
84,PPO,0.235,0.274,0.05,0.0624,0.1324,0.1574,0.0992,0.1199,0.0815,0.0995,0.125,0.95,0.5375,,,
85,REINFORCE,0.6981,0.0303,1,0,0.7428,0.0274,0.7829,0.0244,0.8218,0.021,0.435,0,0.2175,,,
86,------------------------------------------------------------------------------------------------------------------------,,,,,,,,,,,,,,,,
87,Date,Time,Environment,Noise,Breakdown_chance,Train_data,env.R1,env.R2,env.R3,Wear threshold,Look-ahead Factor,Episodes,Terminate on,Test_info,Test_cases,Metrics_method,Version
88,20-Jun-23,18:20:23,PHM C04 simple (NT) HBD-SS,0.01,0.1,data\PHM_Tool_Wear_Data_C04_0p098.csv,1,-1,-100,0.098,0.9,800,348,Separate test set.,40,binary,8_PHM_C04_SS_NT_10K_HighNBD_
89,,,,,,,,,,,,,,,,,
90,,Precision,Precision,Recall,Recall,F_Beta_0_5,F_Beta_0_5,F_Beta_0_75,F_Beta_0_75,F_1_Score,F_1_Score,Normal_error,Replace_error,Overall_error,,,
91,,mean,std,mean,std,mean,std,mean,std,mean,std,mean,mean,mean,,,
92,Algorithm,,,,,,,,,,,,,,,,
93,A2C,0.4931,0.0678,0.455,0.1092,0.483,0.0694,0.4758,0.0736,0.4703,0.0791,0.465,0.545,0.505,,,
94,DQN,0.3667,0.4289,0.035,0.0412,0.1198,0.1346,0.0803,0.092,0.0625,0.0723,0.03,0.965,0.4975,,,
95,PPO,0.4799,0.1066,0.325,0.0825,0.4346,0.0905,0.4056,0.085,0.3839,0.083,0.36,0.675,0.5175,,,
96,REINFORCE,0.7368,0.052,0.84,0.0516,0.7545,0.0439,0.7696,0.0387,0.7835,0.036,0.305,0.16,0.2325,,,
97,------------------------------------------------------------------------------------------------------------------------,,,,,,,,,,,,,,,,
98,Date,Time,Environment,Noise,Breakdown_chance,Train_data,env.R1,env.R2,env.R3,Wear threshold,Look-ahead Factor,Episodes,Terminate on,Test_info,Test_cases,Metrics_method,Version
99,20-Jun-23,18:21:45,PHM C06 simple (NT) NBD-SS,None,0,data\PHM_Tool_Wear_Data_C06_0p13.csv,1,-1,-40,0.13,0.95,800,348,Separate test set.,40,binary,9_PHM_C06_SS_NT_10K_NoNBD_
100,,,,,,,,,,,,,,,,,
101,,Precision,Precision,Recall,Recall,F_Beta_0_5,F_Beta_0_5,F_Beta_0_75,F_Beta_0_75,F_1_Score,F_1_Score,Normal_error,Replace_error,Overall_error,,,
102,,mean,std,mean,std,mean,std,mean,std,mean,std,mean,mean,mean,,,
103,Algorithm,,,,,,,,,,,,,,,,
104,A2C,0.4197,0.0943,0.345,0.0926,0.4014,0.0922,0.3882,0.0915,0.3776,0.0914,0.475,0.655,0.565,,,
105,DQN,0.5013,0.0112,0.98,0.0258,0.5555,0.0125,0.6082,0.0137,0.6633,0.0151,0.975,0.02,0.4975,,,
106,PPO,0.5096,0.0664,0.645,0.1165,0.5316,0.0731,0.5507,0.0793,0.5687,0.0856,0.615,0.355,0.485,,,
107,REINFORCE,0.9917,0.0264,0.615,0.0337,0.8832,0.028,0.8122,0.03,0.7589,0.0314,0.005,0.385,0.195,,,
108,------------------------------------------------------------------------------------------------------------------------,,,,,,,,,,,,,,,,
109,Date,Time,Environment,Noise,Breakdown_chance,Train_data,env.R1,env.R2,env.R3,Wear threshold,Look-ahead Factor,Episodes,Terminate on,Test_info,Test_cases,Metrics_method,Version
110,20-Jun-23,19:08:38,PHM C06 simple (NT) LBD-SS,0.001,0.05,data\PHM_Tool_Wear_Data_C06_0p13.csv,1,-1,-40,0.13,0.95,800,348,Separate test set.,40,binary,10_PHM_C06_SS_NT_10K_LowNBD_
111,,,,,,,,,,,,,,,,,
112,,Precision,Precision,Recall,Recall,F_Beta_0_5,F_Beta_0_5,F_Beta_0_75,F_Beta_0_75,F_1_Score,F_1_Score,Normal_error,Replace_error,Overall_error,,,
113,,mean,std,mean,std,mean,std,mean,std,mean,std,mean,mean,mean,,,
114,Algorithm,,,,,,,,,,,,,,,,
115,A2C,0.5443,0.0917,0.58,0.1438,0.5492,0.0977,0.5539,0.1041,0.5586,0.1109,0.48,0.42,0.45,,,
116,DQN,0.2833,0.4161,0.025,0.0354,0.09,0.1275,0.0591,0.0836,0.0455,0.0643,0.04,0.975,0.5075,,,
117,PPO,0.4928,0.0674,0.535,0.1564,0.4973,0.0866,0.5025,0.1011,0.5081,0.1133,0.53,0.465,0.4975,,,
118,REINFORCE,0.9698,0.032,0.82,0.0675,0.9349,0.0381,0.9091,0.0443,0.8878,0.0499,0.025,0.18,0.1025,,,
119,------------------------------------------------------------------------------------------------------------------------,,,,,,,,,,,,,,,,
120,Date,Time,Environment,Noise,Breakdown_chance,Train_data,env.R1,env.R2,env.R3,Wear threshold,Look-ahead Factor,Episodes,Terminate on,Test_info,Test_cases,Metrics_method,Version
121,20-Jun-23,19:09:13,PHM C06 simple (NT) HBD-SS,0.01,0.1,data\PHM_Tool_Wear_Data_C06_0p13.csv,1,-1,-40,0.13,0.9,800,348,Separate test set.,40,binary,11_PHM_C06_SS_NT_10K_HighNBD_
122,,,,,,,,,,,,,,,,,
123,,Precision,Precision,Recall,Recall,F_Beta_0_5,F_Beta_0_5,F_Beta_0_75,F_Beta_0_75,F_1_Score,F_1_Score,Normal_error,Replace_error,Overall_error,,,
124,,mean,std,mean,std,mean,std,mean,std,mean,std,mean,mean,mean,,,
125,Algorithm,,,,,,,,,,,,,,,,
126,A2C,0.4279,0.1416,0.205,0.0864,0.3479,0.1217,0.3041,0.1114,0.2745,0.1044,0.27,0.795,0.5325,,,
127,DQN,0.5066,0.0112,0.99,0.0211,0.5614,0.0111,0.6146,0.0109,0.6701,0.0109,0.965,0.01,0.4875,,,
128,PPO,0.4694,0.0933,0.34,0.1197,0.4332,0.0977,0.4092,0.1028,0.3909,0.1072,0.375,0.66,0.5175,,,
129,REINFORCE,0.6666,0.0401,0.905,0.0762,0.703,0.0403,0.7354,0.0421,0.7665,0.0453,0.455,0.095,0.275,,,
130,------------------------------------------------------------------------------------------------------------------------,,,,,,,,,,,,,,,,
131,Date,Time,Environment,Noise,Breakdown_chance,Train_data,env.R1,env.R2,env.R3,Wear threshold,Look-ahead Factor,Episodes,Terminate on,Test_info,Test_cases,Metrics_method,Version
132,20-Jun-23,19:09:43,PHM C01 complex multi-variate state NBD-MS,None,0,data\PHM_Tool_Wear_Data_C01_0p12.csv,1,-1,-40,0.12,0.925,800,348,Separate test set.,40,binary,12_PHM_C01_MS_10K_NoNBD_
133,,,,,,,,,,,,,,,,,
134,,Precision,Precision,Recall,Recall,F_Beta_0_5,F_Beta_0_5,F_Beta_0_75,F_Beta_0_75,F_1_Score,F_1_Score,Normal_error,Replace_error,Overall_error,,,
135,,mean,std,mean,std,mean,std,mean,std,mean,std,mean,mean,mean,,,
136,Algorithm,,,,,,,,,,,,,,,,
137,A2C,0.5138,0.0511,0.585,0.0973,0.5252,0.0533,0.5352,0.0579,0.5446,0.0638,0.555,0.415,0.485,,,
138,DQN,0.25,0.3622,0.025,0.0354,0.0856,0.1174,0.0574,0.0798,0.0447,0.0625,0.04,0.975,0.5075,,,
139,PPO,0.5192,0.0728,0.55,0.1225,0.5237,0.0778,0.5279,0.0838,0.5319,0.0903,0.505,0.45,0.4775,,,
140,REINFORCE,0.7744,0.0453,0.82,0.0856,0.781,0.0329,0.7871,0.0293,0.793,0.0339,0.245,0.18,0.2125,,,
141,------------------------------------------------------------------------------------------------------------------------,,,,,,,,,,,,,,,,
142,Date,Time,Environment,Noise,Breakdown_chance,Train_data,env.R1,env.R2,env.R3,Wear threshold,Look-ahead Factor,Episodes,Terminate on,Test_info,Test_cases,Metrics_method,Version
143,20-Jun-23,19:10:11,PHM C04 complex multi-variate state NBD-MS,None,0,data\PHM_Tool_Wear_Data_C04_0p098.csv,1,-1,-50,0.098,0.85,800,348,Separate test set.,40,binary,13_PHM_C04_MS_10K_NoNBD_
144,,,,,,,,,,,,,,,,,
145,,Precision,Precision,Recall,Recall,F_Beta_0_5,F_Beta_0_5,F_Beta_0_75,F_Beta_0_75,F_1_Score,F_1_Score,Normal_error,Replace_error,Overall_error,,,
146,,mean,std,mean,std,mean,std,mean,std,mean,std,mean,mean,mean,,,
147,Algorithm,,,,,,,,,,,,,,,,
148,A2C,0.5361,0.0516,0.65,0.085,0.5546,0.051,0.5706,0.0528,0.5857,0.0563,0.565,0.35,0.4575,,,
149,DQN,0.5,0.527,0.045,0.055,0.16,0.1843,0.1056,0.125,0.0815,0.0977,0.015,0.955,0.485,,,
150,PPO,0.4883,0.0685,0.555,0.1165,0.4987,0.0722,0.5079,0.0774,0.5167,0.0834,0.58,0.445,0.5125,,,
151,REINFORCE,0.7475,0.0932,0.645,0.1235,0.719,0.0833,0.7002,0.0866,0.6857,0.0932,0.225,0.355,0.29,,,
152,------------------------------------------------------------------------------------------------------------------------,,,,,,,,,,,,,,,,
153,Date,Time,Environment,Noise,Breakdown_chance,Train_data,env.R1,env.R2,env.R3,Wear threshold,Look-ahead Factor,Episodes,Terminate on,Test_info,Test_cases,Metrics_method,Version
154,21-Jun-23,16:39:24,PHM C06 complex multi-variate state NBD-MS,None,0,data\PHM_Tool_Wear_Data_C06_0p13.csv,1,-1,-40,0.13,0.925,800,348,Separate test set.,40,binary,0_PHM_C06_MS_10K_NoNBD_
155,,,,,,,,,,,,,,,,,
156,,Precision,Precision,Recall,Recall,F_Beta_0_5,F_Beta_0_5,F_Beta_0_75,F_Beta_0_75,F_1_Score,F_1_Score,Normal_error,Replace_error,Overall_error,,,
157,,mean,std,mean,std,mean,std,mean,std,mean,std,mean,mean,mean,,,
158,Algorithm,,,,,,,,,,,,,,,,
159,A2C,0.4557,0.048,0.515,0.0914,0.4657,0.054,0.4742,0.0598,0.4822,0.0656,0.61,0.485,0.5475,,,
160,DQN,0.5013,0.0073,0.98,0.035,0.5555,0.0083,0.6081,0.0099,0.6631,0.0122,0.975,0.02,0.4975,,,
161,PPO,0.5248,0.1543,0.215,0.0709,0.4051,0.121,0.3435,0.105,0.3035,0.0946,0.195,0.785,0.49,,,
162,REINFORCE,1,0,0.73,0.0258,0.9309,0.0085,0.8822,0.0137,0.8437,0.0174,0,0.27,0.135,,,
163,------------------------------------------------------------------------------------------------------------------------,,,,,,,,,,,,,,,,
0,21-Jun-23,10:18:12,Simulated Dasic 2006 - simple (NT) state - NBD-SS,None,0,data\Simulated_Dasic_2006_Tool_Wear_Model_Train.csv,1,-1,-100,3,1,800,121,Separate test set.,40,binary,0_Dasic_SS_NT_10K_NoNBD_
1,,,,,,,,,,,,,,,,,
2,,Precision,Precision,Recall,Recall,F_Beta_0_5,F_Beta_0_5,F_Beta_0_75,F_Beta_0_75,F_1_Score,F_1_Score,Normal_error,Replace_error,Overall_error,,,
3,,mean,std,mean,std,mean,std,mean,std,mean,std,mean,mean,mean,,,
4,Algorithm,,,,,,,,,,,,,,,,
5,A2C,0,0,0,0,0,0,0,0,0,0,0,1,0.5,,,
6,DQN,0.4961,0.0107,0.975,0.0354,0.5501,0.0125,0.6026,0.0145,0.6575,0.0169,0.99,0.025,0.5075,,,
7,PPO,0.5127,0.1232,0.49,0.1265,0.5074,0.1226,0.5035,0.1226,0.5002,0.123,0.465,0.51,0.4875,,,
8,REINFORCE,0.9933,0.0211,0.68,0.0632,0.908,0.0251,0.8502,0.0357,0.8057,0.044,0.005,0.32,0.1625,,,
9,------------------------------------------------------------------------------------------------------------------------,,,,,,,,,,,,,,,,
10,Date,Time,Environment,Noise,Breakdown_chance,Train_data,env.R1,env.R2,env.R3,Wear threshold,Look-ahead Factor,Episodes,Terminate on,Test_info,Test_cases,Metrics_method,Version
11,21-Jun-23,10:18:38,Simulated Dasic 2006 - simple (NT) state - LBD-SS,0.001,0.05,data\Simulated_Dasic_2006_Tool_Wear_Model_Train.csv,1,-1,-100,3,1,800,121,Separate test set.,40,binary,1_Dasic_SS_NT_10K_LowNBD_
12,,,,,,,,,,,,,,,,,
13,,Precision,Precision,Recall,Recall,F_Beta_0_5,F_Beta_0_5,F_Beta_0_75,F_Beta_0_75,F_1_Score,F_1_Score,Normal_error,Replace_error,Overall_error,,,
14,,mean,std,mean,std,mean,std,mean,std,mean,std,mean,mean,mean,,,
15,Algorithm,,,,,,,,,,,,,,,,
16,A2C,0.4904,0.0984,0.485,0.1226,0.4869,0.098,0.485,0.0995,0.4839,0.1021,0.505,0.515,0.51,,,
17,DQN,0.5,0.4714,0.035,0.0337,0.1339,0.1257,0.0854,0.0811,0.0649,0.062,0.02,0.965,0.4925,,,
18,PPO,0.5941,0.1001,0.585,0.0973,0.5896,0.0885,0.5869,0.0822,0.5853,0.0796,0.415,0.415,0.415,,,
19,REINFORCE,0.9527,0.0421,0.965,0.0242,0.9547,0.0336,0.9565,0.0273,0.9581,0.0226,0.05,0.035,0.0425,,,
20,------------------------------------------------------------------------------------------------------------------------,,,,,,,,,,,,,,,,
21,Date,Time,Environment,Noise,Breakdown_chance,Train_data,env.R1,env.R2,env.R3,Wear threshold,Look-ahead Factor,Episodes,Terminate on,Test_info,Test_cases,Metrics_method,Version
22,21-Jun-23,10:19:05,Simulated Dasic 2006 - simple (NT) state - HBD-SS,0.01,0.1,data\Simulated_Dasic_2006_Tool_Wear_Model_Train.csv,1,-1,-100,3,1,800,121,Separate test set.,40,binary,2_Dasic_SS_NT_10K_HighNBD_
23,,,,,,,,,,,,,,,,,
24,,Precision,Precision,Recall,Recall,F_Beta_0_5,F_Beta_0_5,F_Beta_0_75,F_Beta_0_75,F_1_Score,F_1_Score,Normal_error,Replace_error,Overall_error,,,
25,,mean,std,mean,std,mean,std,mean,std,mean,std,mean,mean,mean,,,
26,Algorithm,,,,,,,,,,,,,,,,
27,A2C,0.3914,0.1522,0.18,0.0978,0.3108,0.142,0.2701,0.1316,0.243,0.1228,0.265,0.82,0.5425,,,
28,DQN,0.4986,0.016,0.97,0.0483,0.5522,0.0183,0.6042,0.0209,0.6585,0.0239,0.975,0.03,0.5025,,,
29,PPO,0.627,0.0831,0.62,0.1111,0.624,0.0825,0.6222,0.085,0.6211,0.0889,0.37,0.38,0.375,,,
30,REINFORCE,0.8489,0.0315,0.975,0.0264,0.8712,0.0266,0.89,0.0231,0.9071,0.0209,0.175,0.025,0.1,,,
31,------------------------------------------------------------------------------------------------------------------------,,,,,,,,,,,,,,,,
32,Date,Time,Environment,Noise,Breakdown_chance,Train_data,env.R1,env.R2,env.R3,Wear threshold,Look-ahead Factor,Episodes,Terminate on,Test_info,Test_cases,Metrics_method,Version
33,21-Jun-23,10:19:31,PHM C01 simple (NT) NBD-SS,None,0,data\PHM_Tool_Wear_Data_C01_0p12.csv,1,-2,-40,0.12,0.95,800,348,Separate test set.,40,binary,3_PHM_C01_SS_NT_10K_NoNBD_
34,,,,,,,,,,,,,,,,,
35,,Precision,Precision,Recall,Recall,F_Beta_0_5,F_Beta_0_5,F_Beta_0_75,F_Beta_0_75,F_1_Score,F_1_Score,Normal_error,Replace_error,Overall_error,,,
36,,mean,std,mean,std,mean,std,mean,std,mean,std,mean,mean,mean,,,
37,Algorithm,,,,,,,,,,,,,,,,
38,A2C,0.4865,0.1434,0.33,0.1059,0.4432,0.1324,0.4142,0.1255,0.392,0.1203,0.35,0.67,0.51,,,
39,DQN,0.1667,0.36,0.015,0.0337,0.0521,0.1125,0.0347,0.0763,0.0269,0.0597,0.02,0.985,0.5025,,,
40,PPO,0.576,0.0696,0.69,0.1022,0.594,0.0673,0.6098,0.068,0.6249,0.0708,0.515,0.31,0.4125,,,
41,REINFORCE,0.8363,0.0399,0.985,0.0242,0.8621,0.0347,0.8839,0.0304,0.9041,0.0268,0.195,0.015,0.105,,,
42,------------------------------------------------------------------------------------------------------------------------,,,,,,,,,,,,,,,,
43,Date,Time,Environment,Noise,Breakdown_chance,Train_data,env.R1,env.R2,env.R3,Wear threshold,Look-ahead Factor,Episodes,Terminate on,Test_info,Test_cases,Metrics_method,Version
44,21-Jun-23,10:19:59,PHM C01 simple (NT) LBD-SS,0.001,0.05,data\PHM_Tool_Wear_Data_C01_0p12.csv,1,-1,-100,0.12,0.9,800,348,Separate test set.,40,binary,4_PHM_C01_SS_NT_10K_LowNBD_
45,,,,,,,,,,,,,,,,,
46,,Precision,Precision,Recall,Recall,F_Beta_0_5,F_Beta_0_5,F_Beta_0_75,F_Beta_0_75,F_1_Score,F_1_Score,Normal_error,Replace_error,Overall_error,,,
47,,mean,std,mean,std,mean,std,mean,std,mean,std,mean,mean,mean,,,
48,Algorithm,,,,,,,,,,,,,,,,
49,A2C,0.5231,0.0591,0.615,0.1055,0.5369,0.0584,0.5492,0.061,0.5612,0.0659,0.57,0.385,0.4775,,,
50,DQN,0.4985,0.0117,0.975,0.0486,0.5525,0.0144,0.6048,0.0174,0.6596,0.0209,0.98,0.025,0.5025,,,
51,PPO,0.4801,0.0317,0.325,0.0717,0.4351,0.0424,0.4061,0.0517,0.3843,0.0581,0.35,0.675,0.5125,,,
52,REINFORCE,0.9161,0.032,0.86,0.0615,0.9034,0.0276,0.8938,0.0302,0.8858,0.0355,0.08,0.14,0.11,,,
53,------------------------------------------------------------------------------------------------------------------------,,,,,,,,,,,,,,,,
54,Date,Time,Environment,Noise,Breakdown_chance,Train_data,env.R1,env.R2,env.R3,Wear threshold,Look-ahead Factor,Episodes,Terminate on,Test_info,Test_cases,Metrics_method,Version
55,21-Jun-23,10:20:28,PHM C01 simple (NT) HBD-SS,0.01,0.1,data\PHM_Tool_Wear_Data_C01_0p12.csv,1,-1,-40,0.12,0.85,800,348,Separate test set.,40,binary,5_PHM_C01_SS_NT_10K_HighNBD_
56,,,,,,,,,,,,,,,,,
57,,Precision,Precision,Recall,Recall,F_Beta_0_5,F_Beta_0_5,F_Beta_0_75,F_Beta_0_75,F_1_Score,F_1_Score,Normal_error,Replace_error,Overall_error,,,
58,,mean,std,mean,std,mean,std,mean,std,mean,std,mean,mean,mean,,,
59,Algorithm,,,,,,,,,,,,,,,,
60,A2C,0.5006,0.0857,0.48,0.0856,0.4951,0.0817,0.4912,0.0799,0.4882,0.0794,0.485,0.52,0.5025,,,
61,DQN,0.4167,0.4665,0.03,0.035,0.1116,0.1226,0.072,0.081,0.0551,0.0627,0.03,0.97,0.5,,,
62,PPO,0.4995,0.1349,0.22,0.0888,0.3924,0.1177,0.3375,0.1107,0.3015,0.1053,0.215,0.78,0.4975,,,
63,REINFORCE,0.7489,0.0599,0.89,0.0394,0.7726,0.0511,0.7929,0.0441,0.8119,0.0384,0.305,0.11,0.2075,,,
64,------------------------------------------------------------------------------------------------------------------------,,,,,,,,,,,,,,,,
65,Date,Time,Environment,Noise,Breakdown_chance,Train_data,env.R1,env.R2,env.R3,Wear threshold,Look-ahead Factor,Episodes,Terminate on,Test_info,Test_cases,Metrics_method,Version
66,21-Jun-23,10:21:09,PHM C04 simple (NT) NBD-SS,None,0,data\PHM_Tool_Wear_Data_C04_0p098.csv,1,-1,-40,0.098,0.95,800,348,Separate test set.,40,binary,6_PHM_C04_SS_NT_10K_NoNBD_
67,,,,,,,,,,,,,,,,,
68,,Precision,Precision,Recall,Recall,F_Beta_0_5,F_Beta_0_5,F_Beta_0_75,F_Beta_0_75,F_1_Score,F_1_Score,Normal_error,Replace_error,Overall_error,,,
69,,mean,std,mean,std,mean,std,mean,std,mean,std,mean,mean,mean,,,
70,Algorithm,,,,,,,,,,,,,,,,
71,A2C,0.5199,0.0538,0.655,0.0725,0.5415,0.0528,0.5605,0.0528,0.5783,0.054,0.61,0.345,0.4775,,,
72,DQN,0.1032,0.091,0.035,0.0337,0.0737,0.0667,0.0602,0.0555,0.052,0.0485,0.275,0.965,0.62,,,
73,PPO,0.3333,0.2559,0.085,0.0669,0.207,0.1558,0.1601,0.1214,0.134,0.1024,0.155,0.915,0.535,,,
74,REINFORCE,0.8094,0.0575,0.96,0.0459,0.8351,0.0517,0.857,0.0474,0.8773,0.0443,0.23,0.04,0.135,,,
75,------------------------------------------------------------------------------------------------------------------------,,,,,,,,,,,,,,,,
76,Date,Time,Environment,Noise,Breakdown_chance,Train_data,env.R1,env.R2,env.R3,Wear threshold,Look-ahead Factor,Episodes,Terminate on,Test_info,Test_cases,Metrics_method,Version
77,21-Jun-23,10:21:37,PHM C04 simple (NT) LBD-SS,0.001,0.05,data\PHM_Tool_Wear_Data_C04_0p098.csv,1,-1,-40,0.098,0.85,800,348,Separate test set.,40,binary,7_PHM_C04_SS_NT_10K_LowNBD_
78,,,,,,,,,,,,,,,,,
79,,Precision,Precision,Recall,Recall,F_Beta_0_5,F_Beta_0_5,F_Beta_0_75,F_Beta_0_75,F_1_Score,F_1_Score,Normal_error,Replace_error,Overall_error,,,
80,,mean,std,mean,std,mean,std,mean,std,mean,std,mean,mean,mean,,,
81,Algorithm,,,,,,,,,,,,,,,,
82,A2C,0.46,0.0867,0.4,0.0816,0.4444,0.0794,0.4335,0.0769,0.425,0.0765,0.48,0.6,0.54,,,
83,DQN,0.2,0.4216,0.015,0.0337,0.0565,0.1243,0.0363,0.0808,0.0277,0.0619,0.015,0.985,0.5,,,
84,PPO,0.5031,0.0804,0.475,0.1419,0.4953,0.0916,0.49,0.1012,0.4859,0.11,0.455,0.525,0.49,,,
85,REINFORCE,0.7129,0.0497,0.97,0.035,0.7525,0.0461,0.7875,0.0429,0.8211,0.0399,0.395,0.03,0.2125,,,
86,------------------------------------------------------------------------------------------------------------------------,,,,,,,,,,,,,,,,
87,Date,Time,Environment,Noise,Breakdown_chance,Train_data,env.R1,env.R2,env.R3,Wear threshold,Look-ahead Factor,Episodes,Terminate on,Test_info,Test_cases,Metrics_method,Version
88,21-Jun-23,10:22:10,PHM C04 simple (NT) HBD-SS,0.01,0.1,data\PHM_Tool_Wear_Data_C04_0p098.csv,1,-1,-100,0.098,0.9,800,348,Separate test set.,40,binary,8_PHM_C04_SS_NT_10K_HighNBD_
89,,,,,,,,,,,,,,,,,
90,,Precision,Precision,Recall,Recall,F_Beta_0_5,F_Beta_0_5,F_Beta_0_75,F_Beta_0_75,F_1_Score,F_1_Score,Normal_error,Replace_error,Overall_error,,,
91,,mean,std,mean,std,mean,std,mean,std,mean,std,mean,mean,mean,,,
92,Algorithm,,,,,,,,,,,,,,,,
93,A2C,0.4986,0.0113,0.975,0.0354,0.5526,0.0131,0.605,0.015,0.6598,0.0172,0.98,0.025,0.5025,,,
94,DQN,0.5092,0.0139,0.99,0.0211,0.5639,0.0145,0.617,0.015,0.6724,0.0155,0.955,0.01,0.4825,,,
95,PPO,0.5498,0.0666,0.625,0.0791,0.5621,0.0629,0.5727,0.0617,0.5828,0.0623,0.52,0.375,0.4475,,,
96,REINFORCE,0.8016,0.061,0.88,0.0753,0.8155,0.0588,0.8272,0.0586,0.8379,0.0596,0.22,0.12,0.17,,,
97,------------------------------------------------------------------------------------------------------------------------,,,,,,,,,,,,,,,,
98,Date,Time,Environment,Noise,Breakdown_chance,Train_data,env.R1,env.R2,env.R3,Wear threshold,Look-ahead Factor,Episodes,Terminate on,Test_info,Test_cases,Metrics_method,Version
99,21-Jun-23,10:22:51,PHM C06 simple (NT) NBD-SS,None,0,data\PHM_Tool_Wear_Data_C06_0p13.csv,1,-1,-40,0.13,0.95,800,348,Separate test set.,40,binary,9_PHM_C06_SS_NT_10K_NoNBD_
100,,,,,,,,,,,,,,,,,
101,,Precision,Precision,Recall,Recall,F_Beta_0_5,F_Beta_0_5,F_Beta_0_75,F_Beta_0_75,F_1_Score,F_1_Score,Normal_error,Replace_error,Overall_error,,,
102,,mean,std,mean,std,mean,std,mean,std,mean,std,mean,mean,mean,,,
103,Algorithm,,,,,,,,,,,,,,,,
104,A2C,0.4631,0.0687,0.46,0.081,0.4616,0.0681,0.4607,0.0688,0.4602,0.0702,0.535,0.54,0.5375,,,
105,DQN,0.4985,0.0156,0.965,0.0474,0.5518,0.0182,0.6035,0.021,0.6573,0.0241,0.97,0.035,0.5025,,,
106,PPO,0.5286,0.0987,0.575,0.1112,0.5354,0.0962,0.5416,0.0956,0.5477,0.0965,0.525,0.425,0.475,,,
107,REINFORCE,1,0,0.655,0.1092,0.9001,0.0424,0.8354,0.0652,0.7868,0.0799,0,0.345,0.1725,,,
108,------------------------------------------------------------------------------------------------------------------------,,,,,,,,,,,,,,,,
109,Date,Time,Environment,Noise,Breakdown_chance,Train_data,env.R1,env.R2,env.R3,Wear threshold,Look-ahead Factor,Episodes,Terminate on,Test_info,Test_cases,Metrics_method,Version
110,21-Jun-23,10:23:25,PHM C06 simple (NT) LBD-SS,0.001,0.05,data\PHM_Tool_Wear_Data_C06_0p13.csv,1,-1,-40,0.13,0.95,800,348,Separate test set.,40,binary,10_PHM_C06_SS_NT_10K_LowNBD_
111,,,,,,,,,,,,,,,,,
112,,Precision,Precision,Recall,Recall,F_Beta_0_5,F_Beta_0_5,F_Beta_0_75,F_Beta_0_75,F_1_Score,F_1_Score,Normal_error,Replace_error,Overall_error,,,
113,,mean,std,mean,std,mean,std,mean,std,mean,std,mean,mean,mean,,,
114,Algorithm,,,,,,,,,,,,,,,,
115,A2C,0.5091,0.0848,0.55,0.1106,0.515,0.0824,0.5205,0.0828,0.5258,0.0852,0.535,0.45,0.4925,,,
116,DQN,0.4987,0.0073,0.985,0.0242,0.5533,0.0083,0.6065,0.0095,0.6621,0.0109,0.99,0.015,0.5025,,,
117,PPO,0.4067,0.144,0.185,0.1029,0.3215,0.1315,0.2782,0.125,0.2497,0.1197,0.255,0.815,0.535,,,
118,REINFORCE,0.9711,0.0403,0.875,0.0825,0.9495,0.048,0.9332,0.0552,0.9195,0.0615,0.025,0.125,0.075,,,
119,------------------------------------------------------------------------------------------------------------------------,,,,,,,,,,,,,,,,
120,Date,Time,Environment,Noise,Breakdown_chance,Train_data,env.R1,env.R2,env.R3,Wear threshold,Look-ahead Factor,Episodes,Terminate on,Test_info,Test_cases,Metrics_method,Version
121,21-Jun-23,10:23:51,PHM C06 simple (NT) HBD-SS,0.01,0.1,data\PHM_Tool_Wear_Data_C06_0p13.csv,1,-1,-40,0.13,0.9,800,348,Separate test set.,40,binary,11_PHM_C06_SS_NT_10K_HighNBD_
122,,,,,,,,,,,,,,,,,
123,,Precision,Precision,Recall,Recall,F_Beta_0_5,F_Beta_0_5,F_Beta_0_75,F_Beta_0_75,F_1_Score,F_1_Score,Normal_error,Replace_error,Overall_error,,,
124,,mean,std,mean,std,mean,std,mean,std,mean,std,mean,mean,mean,,,
125,Algorithm,,,,,,,,,,,,,,,,
126,A2C,0.5203,0.0527,0.605,0.0798,0.5345,0.053,0.5467,0.0549,0.5581,0.0579,0.56,0.395,0.4775,,,
127,DQN,0.3,0.4216,0.025,0.0354,0.0923,0.1289,0.0599,0.0842,0.0459,0.0646,0.015,0.975,0.495,,,
128,PPO,0.4293,0.1591,0.295,0.1383,0.39,0.1503,0.3647,0.1458,0.3459,0.1431,0.37,0.705,0.5375,,,
129,REINFORCE,0.6979,0.0409,0.93,0.0483,0.7343,0.0395,0.7663,0.0386,0.7968,0.0384,0.405,0.07,0.2375,,,
130,------------------------------------------------------------------------------------------------------------------------,,,,,,,,,,,,,,,,
131,Date,Time,Environment,Noise,Breakdown_chance,Train_data,env.R1,env.R2,env.R3,Wear threshold,Look-ahead Factor,Episodes,Terminate on,Test_info,Test_cases,Metrics_method,Version
132,21-Jun-23,10:24:30,PHM C01 complex multi-variate state NBD-MS,None,0,data\PHM_Tool_Wear_Data_C01_0p12.csv,1,-1,-40,0.12,0.925,800,348,Separate test set.,40,binary,12_PHM_C01_MS_10K_NoNBD_
133,,,,,,,,,,,,,,,,,
134,,Precision,Precision,Recall,Recall,F_Beta_0_5,F_Beta_0_5,F_Beta_0_75,F_Beta_0_75,F_1_Score,F_1_Score,Normal_error,Replace_error,Overall_error,,,
135,,mean,std,mean,std,mean,std,mean,std,mean,std,mean,mean,mean,,,
136,Algorithm,,,,,,,,,,,,,,,,
137,A2C,0.1,0.3162,0.005,0.0158,0.0208,0.0659,0.0128,0.0403,0.0095,0.0301,0,0.995,0.4975,,,
138,DQN,0.3,0.483,0.02,0.035,0.0774,0.131,0.0491,0.0844,0.0372,0.0644,0.01,0.98,0.495,,,
139,PPO,0.5883,0.2057,0.215,0.1226,0.4099,0.1342,0.3419,0.1338,0.3008,0.1324,0.16,0.785,0.4725,,,
140,REINFORCE,0.8516,0.0947,0.935,0.0669,0.8654,0.0835,0.8773,0.0747,0.8884,0.0676,0.175,0.065,0.12,,,
141,------------------------------------------------------------------------------------------------------------------------,,,,,,,,,,,,,,,,
142,Date,Time,Environment,Noise,Breakdown_chance,Train_data,env.R1,env.R2,env.R3,Wear threshold,Look-ahead Factor,Episodes,Terminate on,Test_info,Test_cases,Metrics_method,Version
143,21-Jun-23,10:25:11,PHM C04 complex multi-variate state NBD-MS,None,0,data\PHM_Tool_Wear_Data_C04_0p098.csv,1,-1,-50,0.098,0.85,800,348,Separate test set.,40,binary,13_PHM_C04_MS_10K_NoNBD_
144,,,,,,,,,,,,,,,,,
145,,Precision,Precision,Recall,Recall,F_Beta_0_5,F_Beta_0_5,F_Beta_0_75,F_Beta_0_75,F_1_Score,F_1_Score,Normal_error,Replace_error,Overall_error,,,
146,,mean,std,mean,std,mean,std,mean,std,mean,std,mean,mean,mean,,,
147,Algorithm,,,,,,,,,,,,,,,,
148,A2C,0.4566,0.1222,0.18,0.0949,0.336,0.1197,0.2834,0.1165,0.2507,0.1121,0.205,0.82,0.5125,,,
149,DQN,0.944,0.0939,0.26,0.0316,0.6132,0.0368,0.4811,0.0347,0.4053,0.0349,0.02,0.74,0.38,,,
150,PPO,0.3755,0.1306,0.135,0.0784,0.2696,0.1163,0.2231,0.1071,0.1946,0.0996,0.205,0.865,0.535,,,
151,REINFORCE,0.7753,0.1114,0.735,0.1132,0.766,0.1086,0.759,0.1075,0.7532,0.1074,0.215,0.265,0.24,,,
152,------------------------------------------------------------------------------------------------------------------------,,,,,,,,,,,,,,,,
153,Date,Time,Environment,Noise,Breakdown_chance,Train_data,env.R1,env.R2,env.R3,Wear threshold,Look-ahead Factor,Episodes,Terminate on,Test_info,Test_cases,Metrics_method,Version
154,21-Jun-23,16:47:44,PHM C06 complex multi-variate state NBD-MS,None,0,data\PHM_Tool_Wear_Data_C06_0p13.csv,1,-1,-40,0.13,0.925,800,348,Separate test set.,40,binary,0_PHM_C06_MS_10K_NoNBD_
155,,,,,,,,,,,,,,,,,
156,,Precision,Precision,Recall,Recall,F_Beta_0_5,F_Beta_0_5,F_Beta_0_75,F_Beta_0_75,F_1_Score,F_1_Score,Normal_error,Replace_error,Overall_error,,,
157,,mean,std,mean,std,mean,std,mean,std,mean,std,mean,mean,mean,,,
158,Algorithm,,,,,,,,,,,,,,,,
159,A2C,0.4974,0.0101,0.98,0.0258,0.5518,0.0114,0.6046,0.0128,0.6599,0.0143,0.99,0.02,0.505,,,
160,DQN,0.25,0.4249,0.015,0.0242,0.0595,0.0962,0.0373,0.0601,0.0281,0.0453,0.035,0.985,0.51,,,
161,PPO,0.4623,0.1162,0.4,0.1312,0.4468,0.1165,0.4356,0.1182,0.4267,0.1204,0.46,0.6,0.53,,,
162,REINFORCE,1,0,0.75,0.0408,0.937,0.0128,0.8923,0.0209,0.8566,0.0267,0,0.25,0.125,,,
163,------------------------------------------------------------------------------------------------------------------------,,,,,,,,,,,,,,,,
0,21-Jun-23,10:46:24,Simulated Dasic 2006 - simple (NT) state - NBD-SS,None,0,data\Simulated_Dasic_2006_Tool_Wear_Model_Train.csv,1,-1,-100,3,1,800,121,Separate test set.,40,binary,0_Dasic_SS_NT_10K_NoNBD_
1,,,,,,,,,,,,,,,,,
2,,Precision,Precision,Recall,Recall,F_Beta_0_5,F_Beta_0_5,F_Beta_0_75,F_Beta_0_75,F_1_Score,F_1_Score,Normal_error,Replace_error,Overall_error,,,
3,,mean,std,mean,std,mean,std,mean,std,mean,std,mean,mean,mean,,,
4,Algorithm,,,,,,,,,,,,,,,,
5,A2C,0.5401,0.1062,0.515,0.1435,0.5333,0.1106,0.5285,0.1154,0.5248,0.1204,0.43,0.485,0.4575,,,
6,DQN,0.2167,0.3689,0.02,0.035,0.0699,0.1174,0.0465,0.0793,0.036,0.062,0.045,0.98,0.5125,,,
7,PPO,0.5846,0.0814,0.38,0.0856,0.5258,0.0833,0.4875,0.0849,0.4586,0.0858,0.265,0.62,0.4425,,,
8,REINFORCE,1,0,0.655,0.0497,0.9037,0.0201,0.8395,0.0307,0.7905,0.0374,0,0.345,0.1725,,,
9,------------------------------------------------------------------------------------------------------------------------,,,,,,,,,,,,,,,,
10,Date,Time,Environment,Noise,Breakdown_chance,Train_data,env.R1,env.R2,env.R3,Wear threshold,Look-ahead Factor,Episodes,Terminate on,Test_info,Test_cases,Metrics_method,Version
11,21-Jun-23,10:46:57,Simulated Dasic 2006 - simple (NT) state - LBD-SS,0.001,0.05,data\Simulated_Dasic_2006_Tool_Wear_Model_Train.csv,1,-1,-100,3,1,800,121,Separate test set.,40,binary,1_Dasic_SS_NT_10K_LowNBD_
12,,,,,,,,,,,,,,,,,
13,,Precision,Precision,Recall,Recall,F_Beta_0_5,F_Beta_0_5,F_Beta_0_75,F_Beta_0_75,F_1_Score,F_1_Score,Normal_error,Replace_error,Overall_error,,,
14,,mean,std,mean,std,mean,std,mean,std,mean,std,mean,mean,mean,,,
15,Algorithm,,,,,,,,,,,,,,,,
16,A2C,0.3865,0.072,0.17,0.0422,0.3028,0.0484,0.2603,0.0449,0.2325,0.044,0.28,0.83,0.555,,,
17,DQN,0.2833,0.4161,0.025,0.0354,0.0823,0.1068,0.0554,0.0734,0.0435,0.0588,0.04,0.975,0.5075,,,
18,PPO,0.4305,0.2101,0.13,0.0823,0.2854,0.15,0.2285,0.1277,0.1954,0.1136,0.18,0.87,0.525,,,
19,REINFORCE,0.9609,0.0507,0.945,0.0497,0.9572,0.0454,0.9544,0.0429,0.9521,0.042,0.04,0.055,0.0475,,,
20,------------------------------------------------------------------------------------------------------------------------,,,,,,,,,,,,,,,,
21,Date,Time,Environment,Noise,Breakdown_chance,Train_data,env.R1,env.R2,env.R3,Wear threshold,Look-ahead Factor,Episodes,Terminate on,Test_info,Test_cases,Metrics_method,Version
22,21-Jun-23,10:48:14,Simulated Dasic 2006 - simple (NT) state - HBD-SS,0.01,0.1,data\Simulated_Dasic_2006_Tool_Wear_Model_Train.csv,1,-1,-100,3,1,800,121,Separate test set.,40,binary,2_Dasic_SS_NT_10K_HighNBD_
23,,,,,,,,,,,,,,,,,
24,,Precision,Precision,Recall,Recall,F_Beta_0_5,F_Beta_0_5,F_Beta_0_75,F_Beta_0_75,F_1_Score,F_1_Score,Normal_error,Replace_error,Overall_error,,,
25,,mean,std,mean,std,mean,std,mean,std,mean,std,mean,mean,mean,,,
26,Algorithm,,,,,,,,,,,,,,,,
27,A2C,0.5249,0.1126,0.5,0.1179,0.5185,0.1112,0.5139,0.1112,0.5103,0.1118,0.455,0.5,0.4775,,,
28,DQN,0.4987,0.0097,0.985,0.0337,0.5533,0.0114,0.6064,0.0133,0.662,0.0155,0.99,0.015,0.5025,,,
29,PPO,0.4365,0.1032,0.14,0.0568,0.3015,0.0892,0.2438,0.0808,0.2094,0.0742,0.175,0.86,0.5175,,,
30,REINFORCE,0.9031,0.0297,0.965,0.0474,0.9143,0.0237,0.9236,0.0221,0.9321,0.024,0.105,0.035,0.07,,,
31,------------------------------------------------------------------------------------------------------------------------,,,,,,,,,,,,,,,,
32,Date,Time,Environment,Noise,Breakdown_chance,Train_data,env.R1,env.R2,env.R3,Wear threshold,Look-ahead Factor,Episodes,Terminate on,Test_info,Test_cases,Metrics_method,Version
33,21-Jun-23,10:49:45,PHM C01 simple (NT) NBD-SS,None,0,data\PHM_Tool_Wear_Data_C01_0p12.csv,1,-2,-40,0.12,0.95,800,348,Separate test set.,40,binary,3_PHM_C01_SS_NT_10K_NoNBD_
34,,,,,,,,,,,,,,,,,
35,,Precision,Precision,Recall,Recall,F_Beta_0_5,F_Beta_0_5,F_Beta_0_75,F_Beta_0_75,F_1_Score,F_1_Score,Normal_error,Replace_error,Overall_error,,,
36,,mean,std,mean,std,mean,std,mean,std,mean,std,mean,mean,mean,,,
37,Algorithm,,,,,,,,,,,,,,,,
38,A2C,0.5111,0.0718,0.665,0.1375,0.5336,0.0742,0.554,0.0801,0.5739,0.0882,0.64,0.335,0.4875,,,
39,DQN,0.4985,0.0202,0.97,0.0537,0.5522,0.0231,0.6042,0.0261,0.6585,0.0294,0.975,0.03,0.5025,,,
40,PPO,0.509,0.0884,0.61,0.1329,0.5251,0.0929,0.5393,0.0978,0.5527,0.1031,0.585,0.39,0.4875,,,
41,REINFORCE,0.8794,0.0466,0.96,0.0316,0.8938,0.0366,0.9058,0.0292,0.9169,0.0241,0.135,0.04,0.0875,,,
42,------------------------------------------------------------------------------------------------------------------------,,,,,,,,,,,,,,,,
43,Date,Time,Environment,Noise,Breakdown_chance,Train_data,env.R1,env.R2,env.R3,Wear threshold,Look-ahead Factor,Episodes,Terminate on,Test_info,Test_cases,Metrics_method,Version
44,21-Jun-23,10:51:19,PHM C01 simple (NT) LBD-SS,0.001,0.05,data\PHM_Tool_Wear_Data_C01_0p12.csv,1,-1,-100,0.12,0.9,800,348,Separate test set.,40,binary,4_PHM_C01_SS_NT_10K_LowNBD_
45,,,,,,,,,,,,,,,,,
46,,Precision,Precision,Recall,Recall,F_Beta_0_5,F_Beta_0_5,F_Beta_0_75,F_Beta_0_75,F_1_Score,F_1_Score,Normal_error,Replace_error,Overall_error,,,
47,,mean,std,mean,std,mean,std,mean,std,mean,std,mean,mean,mean,,,
48,Algorithm,,,,,,,,,,,,,,,,
49,A2C,0.5002,0.0532,0.49,0.0738,0.4963,0.0486,0.494,0.0494,0.4924,0.0527,0.495,0.51,0.5025,,,
50,DQN,0.5065,0.011,0.985,0.0242,0.561,0.0119,0.6138,0.0129,0.6689,0.014,0.96,0.015,0.4875,,,
51,PPO,0.5177,0.0544,0.495,0.0896,0.5106,0.0496,0.506,0.0527,0.5027,0.0586,0.465,0.505,0.485,,,
52,REINFORCE,0.9569,0.0346,0.955,0.0438,0.9558,0.0241,0.9551,0.0197,0.9548,0.0205,0.045,0.045,0.045,,,
53,------------------------------------------------------------------------------------------------------------------------,,,,,,,,,,,,,,,,
54,Date,Time,Environment,Noise,Breakdown_chance,Train_data,env.R1,env.R2,env.R3,Wear threshold,Look-ahead Factor,Episodes,Terminate on,Test_info,Test_cases,Metrics_method,Version
55,21-Jun-23,10:52:49,PHM C01 simple (NT) HBD-SS,0.01,0.1,data\PHM_Tool_Wear_Data_C01_0p12.csv,1,-1,-40,0.12,0.85,800,348,Separate test set.,40,binary,5_PHM_C01_SS_NT_10K_HighNBD_
56,,,,,,,,,,,,,,,,,
57,,Precision,Precision,Recall,Recall,F_Beta_0_5,F_Beta_0_5,F_Beta_0_75,F_Beta_0_75,F_1_Score,F_1_Score,Normal_error,Replace_error,Overall_error,,,
58,,mean,std,mean,std,mean,std,mean,std,mean,std,mean,mean,mean,,,
59,Algorithm,,,,,,,,,,,,,,,,
60,A2C,0.52,0.0337,0.76,0.081,0.5543,0.0341,0.5854,0.0365,0.6158,0.0407,0.705,0.24,0.4725,,,
61,DQN,0.4935,0.0092,0.97,0.035,0.5473,0.0111,0.5995,0.0132,0.6541,0.0157,0.995,0.03,0.5125,,,
62,PPO,0.3478,0.1208,0.21,0.0966,0.3029,0.1097,0.2765,0.1055,0.2577,0.103,0.385,0.79,0.5875,,,
63,REINFORCE,0.8224,0.0395,0.895,0.0284,0.8357,0.0345,0.8467,0.031,0.8567,0.0285,0.195,0.105,0.15,,,
64,------------------------------------------------------------------------------------------------------------------------,,,,,,,,,,,,,,,,
65,Date,Time,Environment,Noise,Breakdown_chance,Train_data,env.R1,env.R2,env.R3,Wear threshold,Look-ahead Factor,Episodes,Terminate on,Test_info,Test_cases,Metrics_method,Version
66,21-Jun-23,10:54:19,PHM C04 simple (NT) NBD-SS,None,0,data\PHM_Tool_Wear_Data_C04_0p098.csv,1,-1,-40,0.098,0.95,800,348,Separate test set.,40,binary,6_PHM_C04_SS_NT_10K_NoNBD_
67,,,,,,,,,,,,,,,,,
68,,Precision,Precision,Recall,Recall,F_Beta_0_5,F_Beta_0_5,F_Beta_0_75,F_Beta_0_75,F_1_Score,F_1_Score,Normal_error,Replace_error,Overall_error,,,
69,,mean,std,mean,std,mean,std,mean,std,mean,std,mean,mean,mean,,,
70,Algorithm,,,,,,,,,,,,,,,,
71,A2C,0.508,0.0141,0.975,0.0264,0.5618,0.0145,0.6138,0.015,0.6679,0.0156,0.945,0.025,0.485,,,
72,DQN,0.25,0.4249,0.02,0.035,0.0744,0.128,0.0481,0.0834,0.0368,0.064,0.035,0.98,0.5075,,,
73,PPO,0.5324,0.0832,0.575,0.089,0.5396,0.0806,0.5458,0.0796,0.5515,0.0797,0.51,0.425,0.4675,,,
74,REINFORCE,0.8584,0.0524,0.975,0.0264,0.8788,0.0432,0.8961,0.0358,0.9119,0.0296,0.165,0.025,0.095,,,
75,------------------------------------------------------------------------------------------------------------------------,,,,,,,,,,,,,,,,
76,Date,Time,Environment,Noise,Breakdown_chance,Train_data,env.R1,env.R2,env.R3,Wear threshold,Look-ahead Factor,Episodes,Terminate on,Test_info,Test_cases,Metrics_method,Version
77,21-Jun-23,10:55:50,PHM C04 simple (NT) LBD-SS,0.001,0.05,data\PHM_Tool_Wear_Data_C04_0p098.csv,1,-1,-40,0.098,0.85,800,348,Separate test set.,40,binary,7_PHM_C04_SS_NT_10K_LowNBD_
78,,,,,,,,,,,,,,,,,
79,,Precision,Precision,Recall,Recall,F_Beta_0_5,F_Beta_0_5,F_Beta_0_75,F_Beta_0_75,F_1_Score,F_1_Score,Normal_error,Replace_error,Overall_error,,,
80,,mean,std,mean,std,mean,std,mean,std,mean,std,mean,mean,mean,,,
81,Algorithm,,,,,,,,,,,,,,,,
82,A2C,0.0333,0.1054,0.005,0.0158,0.0156,0.0494,0.011,0.0347,0.0087,0.0275,0.015,0.995,0.505,,,
83,DQN,0.35,0.4743,0.025,0.0354,0.0952,0.1315,0.0609,0.085,0.0463,0.065,0.035,0.975,0.505,,,
84,PPO,0.4137,0.1879,0.125,0.0486,0.2776,0.1076,0.2218,0.0834,0.1892,0.071,0.195,0.875,0.535,,,
85,REINFORCE,0.7373,0.0221,0.965,0.0412,0.7735,0.0203,0.8053,0.0201,0.8354,0.0213,0.345,0.035,0.19,,,
86,------------------------------------------------------------------------------------------------------------------------,,,,,,,,,,,,,,,,
87,Date,Time,Environment,Noise,Breakdown_chance,Train_data,env.R1,env.R2,env.R3,Wear threshold,Look-ahead Factor,Episodes,Terminate on,Test_info,Test_cases,Metrics_method,Version
88,21-Jun-23,10:57:20,PHM C04 simple (NT) HBD-SS,0.01,0.1,data\PHM_Tool_Wear_Data_C04_0p098.csv,1,-1,-100,0.098,0.9,800,348,Separate test set.,40,binary,8_PHM_C04_SS_NT_10K_HighNBD_
89,,,,,,,,,,,,,,,,,
90,,Precision,Precision,Recall,Recall,F_Beta_0_5,F_Beta_0_5,F_Beta_0_75,F_Beta_0_75,F_1_Score,F_1_Score,Normal_error,Replace_error,Overall_error,,,
91,,mean,std,mean,std,mean,std,mean,std,mean,std,mean,mean,mean,,,
92,Algorithm,,,,,,,,,,,,,,,,
93,A2C,0,0,0,0,0,0,0,0,0,0,0.005,1,0.5025,,,
94,DQN,0.4987,0.0073,0.985,0.0242,0.5533,0.0083,0.6065,0.0095,0.6621,0.0109,0.99,0.015,0.5025,,,
95,PPO,0.4251,0.1244,0.33,0.1317,0.3992,0.1244,0.3817,0.1254,0.3682,0.1266,0.435,0.67,0.5525,,,
96,REINFORCE,0.8425,0.0402,0.8,0.0667,0.833,0.0394,0.8257,0.0418,0.8197,0.0457,0.15,0.2,0.175,,,
97,------------------------------------------------------------------------------------------------------------------------,,,,,,,,,,,,,,,,
98,Date,Time,Environment,Noise,Breakdown_chance,Train_data,env.R1,env.R2,env.R3,Wear threshold,Look-ahead Factor,Episodes,Terminate on,Test_info,Test_cases,Metrics_method,Version
99,21-Jun-23,10:58:48,PHM C06 simple (NT) NBD-SS,None,0,data\PHM_Tool_Wear_Data_C06_0p13.csv,1,-1,-40,0.13,0.95,800,348,Separate test set.,40,binary,9_PHM_C06_SS_NT_10K_NoNBD_
100,,,,,,,,,,,,,,,,,
101,,Precision,Precision,Recall,Recall,F_Beta_0_5,F_Beta_0_5,F_Beta_0_75,F_Beta_0_75,F_1_Score,F_1_Score,Normal_error,Replace_error,Overall_error,,,
102,,mean,std,mean,std,mean,std,mean,std,mean,std,mean,mean,mean,,,
103,Algorithm,,,,,,,,,,,,,,,,
104,A2C,0.4215,0.0775,0.425,0.1379,0.4197,0.085,0.4192,0.093,0.4193,0.1013,0.57,0.575,0.5725,,,
105,DQN,0.8534,0.0251,0.955,0.0599,0.8714,0.0224,0.8865,0.0247,0.9003,0.0297,0.165,0.045,0.105,,,
106,PPO,0.1417,0.1927,0.02,0.0258,0.063,0.0819,0.044,0.0569,0.0348,0.045,0.08,0.98,0.53,,,
107,REINFORCE,1,0,0.555,0.0685,0.8593,0.0333,0.7733,0.0483,0.7116,0.0567,0,0.445,0.2225,,,
108,------------------------------------------------------------------------------------------------------------------------,,,,,,,,,,,,,,,,
109,Date,Time,Environment,Noise,Breakdown_chance,Train_data,env.R1,env.R2,env.R3,Wear threshold,Look-ahead Factor,Episodes,Terminate on,Test_info,Test_cases,Metrics_method,Version
110,21-Jun-23,11:00:20,PHM C06 simple (NT) LBD-SS,0.001,0.05,data\PHM_Tool_Wear_Data_C06_0p13.csv,1,-1,-40,0.13,0.95,800,348,Separate test set.,40,binary,10_PHM_C06_SS_NT_10K_LowNBD_
111,,,,,,,,,,,,,,,,,
112,,Precision,Precision,Recall,Recall,F_Beta_0_5,F_Beta_0_5,F_Beta_0_75,F_Beta_0_75,F_1_Score,F_1_Score,Normal_error,Replace_error,Overall_error,,,
113,,mean,std,mean,std,mean,std,mean,std,mean,std,mean,mean,mean,,,
114,Algorithm,,,,,,,,,,,,,,,,
115,A2C,0.5265,0.0652,0.655,0.1442,0.5463,0.0714,0.5638,0.0793,0.5806,0.0886,0.585,0.345,0.465,,,
116,DQN,0.4947,0.014,0.96,0.0459,0.5477,0.0165,0.5992,0.0191,0.6528,0.0222,0.98,0.04,0.51,,,
117,PPO,0.6157,0.0378,0.675,0.1061,0.6249,0.0454,0.6331,0.0552,0.6411,0.0652,0.42,0.325,0.3725,,,
118,REINFORCE,0.9902,0.0206,0.945,0.055,0.9802,0.0174,0.9725,0.0218,0.9661,0.0282,0.01,0.055,0.0325,,,
119,------------------------------------------------------------------------------------------------------------------------,,,,,,,,,,,,,,,,
120,Date,Time,Environment,Noise,Breakdown_chance,Train_data,env.R1,env.R2,env.R3,Wear threshold,Look-ahead Factor,Episodes,Terminate on,Test_info,Test_cases,Metrics_method,Version
121,21-Jun-23,11:01:52,PHM C06 simple (NT) HBD-SS,0.01,0.1,data\PHM_Tool_Wear_Data_C06_0p13.csv,1,-1,-40,0.13,0.9,800,348,Separate test set.,40,binary,11_PHM_C06_SS_NT_10K_HighNBD_
122,,,,,,,,,,,,,,,,,
123,,Precision,Precision,Recall,Recall,F_Beta_0_5,F_Beta_0_5,F_Beta_0_75,F_Beta_0_75,F_1_Score,F_1_Score,Normal_error,Replace_error,Overall_error,,,
124,,mean,std,mean,std,mean,std,mean,std,mean,std,mean,mean,mean,,,
125,Algorithm,,,,,,,,,,,,,,,,
126,A2C,0.4776,0.066,0.38,0.0888,0.4504,0.0651,0.4324,0.0691,0.4186,0.0735,0.42,0.62,0.52,,,
127,DQN,0.9909,0.0287,0.47,0.035,0.8098,0.0232,0.7071,0.0282,0.6366,0.0315,0.005,0.53,0.2675,,,
128,PPO,0.3483,0.311,0.055,0.0438,0.1559,0.1155,0.1131,0.086,0.0917,0.0708,0.105,0.945,0.525,,,
129,REINFORCE,0.7367,0.0687,0.93,0.0483,0.7678,0.06,0.7949,0.0532,0.8205,0.048,0.34,0.07,0.205,,,
130,------------------------------------------------------------------------------------------------------------------------,,,,,,,,,,,,,,,,
131,Date,Time,Environment,Noise,Breakdown_chance,Train_data,env.R1,env.R2,env.R3,Wear threshold,Look-ahead Factor,Episodes,Terminate on,Test_info,Test_cases,Metrics_method,Version
132,21-Jun-23,11:03:22,PHM C01 complex multi-variate state NBD-MS,None,0,data\PHM_Tool_Wear_Data_C01_0p12.csv,1,-1,-40,0.12,0.925,800,348,Separate test set.,40,binary,12_PHM_C01_MS_10K_NoNBD_
133,,,,,,,,,,,,,,,,,
134,,Precision,Precision,Recall,Recall,F_Beta_0_5,F_Beta_0_5,F_Beta_0_75,F_Beta_0_75,F_1_Score,F_1_Score,Normal_error,Replace_error,Overall_error,,,
135,,mean,std,mean,std,mean,std,mean,std,mean,std,mean,mean,mean,,,
136,Algorithm,,,,,,,,,,,,,,,,
137,A2C,0.4663,0.1331,0.335,0.1226,0.4298,0.1283,0.4057,0.1269,0.3872,0.1261,0.375,0.665,0.52,,,
138,DQN,0.4987,0.0097,0.985,0.0337,0.5533,0.0114,0.6064,0.0133,0.662,0.0155,0.99,0.015,0.5025,,,
139,PPO,0.5091,0.13,0.345,0.1039,0.4587,0.111,0.4273,0.1038,0.4044,0.101,0.345,0.655,0.5,,,
140,REINFORCE,0.8285,0.0725,0.94,0.0699,0.8477,0.0662,0.864,0.0621,0.8791,0.0598,0.2,0.06,0.13,,,
141,------------------------------------------------------------------------------------------------------------------------,,,,,,,,,,,,,,,,
142,Date,Time,Environment,Noise,Breakdown_chance,Train_data,env.R1,env.R2,env.R3,Wear threshold,Look-ahead Factor,Episodes,Terminate on,Test_info,Test_cases,Metrics_method,Version
143,21-Jun-23,11:04:56,PHM C04 complex multi-variate state NBD-MS,None,0,data\PHM_Tool_Wear_Data_C04_0p098.csv,1,-1,-50,0.098,0.85,800,348,Separate test set.,40,binary,13_PHM_C04_MS_10K_NoNBD_
144,,,,,,,,,,,,,,,,,
145,,Precision,Precision,Recall,Recall,F_Beta_0_5,F_Beta_0_5,F_Beta_0_75,F_Beta_0_75,F_1_Score,F_1_Score,Normal_error,Replace_error,Overall_error,,,
146,,mean,std,mean,std,mean,std,mean,std,mean,std,mean,mean,mean,,,
147,Algorithm,,,,,,,,,,,,,,,,
148,A2C,0.5272,0.1043,0.165,0.0883,0.348,0.1121,0.2816,0.1112,0.2428,0.1068,0.145,0.835,0.49,,,
149,DQN,0.4987,0.0129,0.975,0.0354,0.5526,0.0147,0.605,0.0166,0.6598,0.0188,0.98,0.025,0.5025,,,
150,PPO,0.506,0.0455,0.735,0.1055,0.5391,0.051,0.569,0.0569,0.5982,0.0635,0.715,0.265,0.49,,,
151,REINFORCE,0.7397,0.0722,0.67,0.0888,0.7226,0.0679,0.7103,0.0684,0.7003,0.071,0.24,0.33,0.285,,,
152,------------------------------------------------------------------------------------------------------------------------,,,,,,,,,,,,,,,,
153,Date,Time,Environment,Noise,Breakdown_chance,Train_data,env.R1,env.R2,env.R3,Wear threshold,Look-ahead Factor,Episodes,Terminate on,Test_info,Test_cases,Metrics_method,Version
154,21-Jun-23,16:51:55,PHM C06 complex multi-variate state NBD-MS,None,0,data\PHM_Tool_Wear_Data_C06_0p13.csv,1,-1,-40,0.13,0.925,800,348,Separate test set.,40,binary,0_PHM_C06_MS_10K_NoNBD_
155,,,,,,,,,,,,,,,,,
156,,Precision,Precision,Recall,Recall,F_Beta_0_5,F_Beta_0_5,F_Beta_0_75,F_Beta_0_75,F_1_Score,F_1_Score,Normal_error,Replace_error,Overall_error,,,
157,,mean,std,mean,std,mean,std,mean,std,mean,std,mean,mean,mean,,,
158,Algorithm,,,,,,,,,,,,,,,,
159,A2C,0.5032,0.0243,0.745,0.0926,0.5373,0.0286,0.5684,0.0351,0.599,0.043,0.735,0.255,0.495,,,
160,DQN,0.2333,0.3865,0.025,0.0425,0.0833,0.1371,0.0566,0.0945,0.0443,0.0745,0.02,0.975,0.4975,,,
161,PPO,0.5494,0.1316,0.265,0.0944,0.4427,0.1048,0.3875,0.1028,0.3507,0.1017,0.22,0.735,0.4775,,,
162,REINFORCE,1,0,0.54,0.0459,0.8532,0.0239,0.764,0.0341,0.7002,0.0394,0,0.46,0.23,,,
163,------------------------------------------------------------------------------------------------------------------------,,,,,,,,,,,,,,,,
0,21-Jun-23,13:16:25,Simulated Dasic 2006 - simple (NT) state - NBD-SS,None,0,data\Simulated_Dasic_2006_Tool_Wear_Model_Train.csv,1,-1,-100,3,1,800,121,Separate test set.,40,binary,0_Dasic_SS_NT_10K_NoNBD_
1,,,,,,,,,,,,,,,,,
2,,Precision,Precision,Recall,Recall,F_Beta_0_5,F_Beta_0_5,F_Beta_0_75,F_Beta_0_75,F_1_Score,F_1_Score,Normal_error,Replace_error,Overall_error,,,
3,,mean,std,mean,std,mean,std,mean,std,mean,std,mean,mean,mean,,,
4,Algorithm,,,,,,,,,,,,,,,,
5,A2C,0.5259,0.0775,0.61,0.0394,0.5392,0.0666,0.551,0.058,0.5621,0.0509,0.57,0.39,0.48,,,
6,DQN,0.0191,0.0327,0.02,0.035,0.0193,0.0331,0.0194,0.0335,0.0195,0.0338,0.965,0.98,0.9725,,,
7,PPO,0.3465,0.2246,0.09,0.0516,0.2169,0.1309,0.1685,0.0994,0.1413,0.0824,0.205,0.91,0.5575,,,
8,REINFORCE,1,0,0.59,0.0658,0.8759,0.0294,0.7976,0.0437,0.7402,0.0521,0,0.41,0.205,,,
9,------------------------------------------------------------------------------------------------------------------------,,,,,,,,,,,,,,,,
10,Date,Time,Environment,Noise,Breakdown_chance,Train_data,env.R1,env.R2,env.R3,Wear threshold,Look-ahead Factor,Episodes,Terminate on,Test_info,Test_cases,Metrics_method,Version
11,21-Jun-23,13:17:53,Simulated Dasic 2006 - simple (NT) state - LBD-SS,0.001,0.05,data\Simulated_Dasic_2006_Tool_Wear_Model_Train.csv,1,-1,-100,3,1,800,121,Separate test set.,40,binary,1_Dasic_SS_NT_10K_LowNBD_
12,,,,,,,,,,,,,,,,,
13,,Precision,Precision,Recall,Recall,F_Beta_0_5,F_Beta_0_5,F_Beta_0_75,F_Beta_0_75,F_1_Score,F_1_Score,Normal_error,Replace_error,Overall_error,,,
14,,mean,std,mean,std,mean,std,mean,std,mean,std,mean,mean,mean,,,
15,Algorithm,,,,,,,,,,,,,,,,
16,A2C,0,0,0,0,0,0,0,0,0,0,0,1,0.5,,,
17,DQN,0.0558,0.0591,0.025,0.0264,0.0447,0.0473,0.0386,0.0407,0.0345,0.0364,0.38,0.975,0.6775,,,
18,PPO,0.2713,0.1933,0.08,0.0587,0.1812,0.1281,0.1442,0.1028,0.1225,0.088,0.165,0.92,0.5425,,,
19,REINFORCE,0.9606,0.038,0.93,0.0422,0.9537,0.0285,0.9484,0.0241,0.944,0.0237,0.04,0.07,0.055,,,
20,------------------------------------------------------------------------------------------------------------------------,,,,,,,,,,,,,,,,
21,Date,Time,Environment,Noise,Breakdown_chance,Train_data,env.R1,env.R2,env.R3,Wear threshold,Look-ahead Factor,Episodes,Terminate on,Test_info,Test_cases,Metrics_method,Version
22,21-Jun-23,13:18:57,Simulated Dasic 2006 - simple (NT) state - HBD-SS,0.01,0.1,data\Simulated_Dasic_2006_Tool_Wear_Model_Train.csv,1,-1,-100,3,1,800,121,Separate test set.,40,binary,2_Dasic_SS_NT_10K_HighNBD_
23,,,,,,,,,,,,,,,,,
24,,Precision,Precision,Recall,Recall,F_Beta_0_5,F_Beta_0_5,F_Beta_0_75,F_Beta_0_75,F_1_Score,F_1_Score,Normal_error,Replace_error,Overall_error,,,
25,,mean,std,mean,std,mean,std,mean,std,mean,std,mean,mean,mean,,,
26,Algorithm,,,,,,,,,,,,,,,,
27,A2C,0.509,0.051,0.605,0.1165,0.5235,0.0528,0.5365,0.0589,0.5491,0.0673,0.585,0.395,0.49,,,
28,DQN,0.35,0.4116,0.03,0.035,0.1101,0.1271,0.0717,0.0831,0.055,0.0639,0.03,0.97,0.5,,,
29,PPO,0.2583,0.2148,0.055,0.0497,0.1468,0.1273,0.1098,0.0968,0.0901,0.0801,0.12,0.945,0.5325,,,
30,REINFORCE,0.8814,0.0467,0.985,0.0242,0.9,0.0401,0.9156,0.0348,0.9298,0.0304,0.135,0.015,0.075,,,
31,------------------------------------------------------------------------------------------------------------------------,,,,,,,,,,,,,,,,
32,Date,Time,Environment,Noise,Breakdown_chance,Train_data,env.R1,env.R2,env.R3,Wear threshold,Look-ahead Factor,Episodes,Terminate on,Test_info,Test_cases,Metrics_method,Version
33,21-Jun-23,13:19:38,PHM C01 simple (NT) NBD-SS,None,0,data\PHM_Tool_Wear_Data_C01_0p12.csv,1,-2,-40,0.12,0.95,800,348,Separate test set.,40,binary,3_PHM_C01_SS_NT_10K_NoNBD_
34,,,,,,,,,,,,,,,,,
35,,Precision,Precision,Recall,Recall,F_Beta_0_5,F_Beta_0_5,F_Beta_0_75,F_Beta_0_75,F_1_Score,F_1_Score,Normal_error,Replace_error,Overall_error,,,
36,,mean,std,mean,std,mean,std,mean,std,mean,std,mean,mean,mean,,,
37,Algorithm,,,,,,,,,,,,,,,,
38,A2C,0.4737,0.0587,0.69,0.1049,0.505,0.0639,0.5334,0.0689,0.561,0.0743,0.765,0.31,0.5375,,,
39,DQN,0.5039,0.0125,0.98,0.035,0.5581,0.0136,0.6106,0.0149,0.6655,0.0167,0.965,0.02,0.4925,,,
40,PPO,0.468,0.1208,0.38,0.1457,0.4435,0.1213,0.4271,0.1244,0.4146,0.1282,0.425,0.62,0.5225,,,
41,REINFORCE,0.9632,0.0419,0.985,0.0337,0.9669,0.0317,0.97,0.025,0.973,0.0214,0.04,0.015,0.0275,,,
42,------------------------------------------------------------------------------------------------------------------------,,,,,,,,,,,,,,,,
43,Date,Time,Environment,Noise,Breakdown_chance,Train_data,env.R1,env.R2,env.R3,Wear threshold,Look-ahead Factor,Episodes,Terminate on,Test_info,Test_cases,Metrics_method,Version
44,21-Jun-23,13:20:20,PHM C01 simple (NT) LBD-SS,0.001,0.05,data\PHM_Tool_Wear_Data_C01_0p12.csv,1,-1,-100,0.12,0.9,800,348,Separate test set.,40,binary,4_PHM_C01_SS_NT_10K_LowNBD_
45,,,,,,,,,,,,,,,,,
46,,Precision,Precision,Recall,Recall,F_Beta_0_5,F_Beta_0_5,F_Beta_0_75,F_Beta_0_75,F_1_Score,F_1_Score,Normal_error,Replace_error,Overall_error,,,
47,,mean,std,mean,std,mean,std,mean,std,mean,std,mean,mean,mean,,,
48,Algorithm,,,,,,,,,,,,,,,,
49,A2C,0.529,0.0277,0.94,0.0459,0.5795,0.0279,0.6274,0.0283,0.6765,0.029,0.84,0.06,0.45,,,
50,DQN,0.5053,0.0092,0.98,0.0258,0.5594,0.0095,0.6119,0.0099,0.6666,0.0108,0.96,0.02,0.49,,,
51,PPO,0.4242,0.0931,0.3,0.0972,0.3893,0.0909,0.3663,0.0917,0.3488,0.093,0.4,0.7,0.55,,,
52,REINFORCE,0.8916,0.0616,0.885,0.0626,0.8895,0.0561,0.8882,0.0535,0.8871,0.0529,0.11,0.115,0.1125,,,
53,------------------------------------------------------------------------------------------------------------------------,,,,,,,,,,,,,,,,
54,Date,Time,Environment,Noise,Breakdown_chance,Train_data,env.R1,env.R2,env.R3,Wear threshold,Look-ahead Factor,Episodes,Terminate on,Test_info,Test_cases,Metrics_method,Version
55,21-Jun-23,13:21:00,PHM C01 simple (NT) HBD-SS,0.01,0.1,data\PHM_Tool_Wear_Data_C01_0p12.csv,1,-1,-40,0.12,0.85,800,348,Separate test set.,40,binary,5_PHM_C01_SS_NT_10K_HighNBD_
56,,,,,,,,,,,,,,,,,
57,,Precision,Precision,Recall,Recall,F_Beta_0_5,F_Beta_0_5,F_Beta_0_75,F_Beta_0_75,F_1_Score,F_1_Score,Normal_error,Replace_error,Overall_error,,,
58,,mean,std,mean,std,mean,std,mean,std,mean,std,mean,mean,mean,,,
59,Algorithm,,,,,,,,,,,,,,,,
60,A2C,0.5,0,1,0,0.5556,0,0.6098,0,0.6667,0,1,0,0.5,,,
61,DQN,0.6526,0.0157,0.985,0.0242,0.6997,0.0151,0.7427,0.0147,0.7849,0.0148,0.525,0.015,0.27,,,
62,PPO,0.5054,0.0774,0.475,0.1208,0.4965,0.0822,0.4906,0.0886,0.4862,0.0952,0.46,0.525,0.4925,,,
63,REINFORCE,0.7373,0.029,0.95,0.0333,0.7717,0.0269,0.8016,0.0255,0.8298,0.0249,0.34,0.05,0.195,,,
64,------------------------------------------------------------------------------------------------------------------------,,,,,,,,,,,,,,,,
65,Date,Time,Environment,Noise,Breakdown_chance,Train_data,env.R1,env.R2,env.R3,Wear threshold,Look-ahead Factor,Episodes,Terminate on,Test_info,Test_cases,Metrics_method,Version
66,21-Jun-23,13:21:39,PHM C04 simple (NT) NBD-SS,None,0,data\PHM_Tool_Wear_Data_C04_0p098.csv,1,-1,-40,0.098,0.95,800,348,Separate test set.,40,binary,6_PHM_C04_SS_NT_10K_NoNBD_
67,,,,,,,,,,,,,,,,,
68,,Precision,Precision,Recall,Recall,F_Beta_0_5,F_Beta_0_5,F_Beta_0_75,F_Beta_0_75,F_1_Score,F_1_Score,Normal_error,Replace_error,Overall_error,,,
69,,mean,std,mean,std,mean,std,mean,std,mean,std,mean,mean,mean,,,
70,Algorithm,,,,,,,,,,,,,,,,
71,A2C,0.4874,0.0743,0.52,0.1229,0.4903,0.075,0.494,0.0801,0.4982,0.087,0.55,0.48,0.515,,,
72,DQN,0.646,0.0157,0.985,0.0242,0.6938,0.0159,0.7373,0.0163,0.7802,0.0169,0.54,0.015,0.2775,,,
73,PPO,0.4932,0.1016,0.425,0.1161,0.4746,0.1005,0.462,0.1024,0.4524,0.105,0.44,0.575,0.5075,,,
74,REINFORCE,0.9198,0.058,0.955,0.0438,0.9264,0.0534,0.9318,0.0501,0.9367,0.0475,0.085,0.045,0.065,,,
75,------------------------------------------------------------------------------------------------------------------------,,,,,,,,,,,,,,,,
76,Date,Time,Environment,Noise,Breakdown_chance,Train_data,env.R1,env.R2,env.R3,Wear threshold,Look-ahead Factor,Episodes,Terminate on,Test_info,Test_cases,Metrics_method,Version
77,21-Jun-23,13:22:19,PHM C04 simple (NT) LBD-SS,0.001,0.05,data\PHM_Tool_Wear_Data_C04_0p098.csv,1,-1,-40,0.098,0.85,800,348,Separate test set.,40,binary,7_PHM_C04_SS_NT_10K_LowNBD_
78,,,,,,,,,,,,,,,,,
79,,Precision,Precision,Recall,Recall,F_Beta_0_5,F_Beta_0_5,F_Beta_0_75,F_Beta_0_75,F_1_Score,F_1_Score,Normal_error,Replace_error,Overall_error,,,
80,,mean,std,mean,std,mean,std,mean,std,mean,std,mean,mean,mean,,,
81,Algorithm,,,,,,,,,,,,,,,,
82,A2C,0.5304,0.0816,0.56,0.1049,0.5344,0.0784,0.5383,0.0784,0.5421,0.0805,0.5,0.44,0.47,,,
83,DQN,0.4948,0.0067,0.965,0.0412,0.5482,0.0084,0.5999,0.0108,0.654,0.0138,0.985,0.035,0.51,,,
84,PPO,0.5551,0.0886,0.545,0.1235,0.5506,0.0871,0.5479,0.0894,0.5462,0.0936,0.44,0.455,0.4475,,,
85,REINFORCE,0.7577,0.0339,0.98,0.0258,0.7936,0.0314,0.8248,0.0293,0.8543,0.0275,0.315,0.02,0.1675,,,
86,------------------------------------------------------------------------------------------------------------------------,,,,,,,,,,,,,,,,
87,Date,Time,Environment,Noise,Breakdown_chance,Train_data,env.R1,env.R2,env.R3,Wear threshold,Look-ahead Factor,Episodes,Terminate on,Test_info,Test_cases,Metrics_method,Version
88,21-Jun-23,13:23:01,PHM C04 simple (NT) HBD-SS,0.01,0.1,data\PHM_Tool_Wear_Data_C04_0p098.csv,1,-1,-100,0.098,0.9,800,348,Separate test set.,40,binary,8_PHM_C04_SS_NT_10K_HighNBD_
89,,,,,,,,,,,,,,,,,
90,,Precision,Precision,Recall,Recall,F_Beta_0_5,F_Beta_0_5,F_Beta_0_75,F_Beta_0_75,F_1_Score,F_1_Score,Normal_error,Replace_error,Overall_error,,,
91,,mean,std,mean,std,mean,std,mean,std,mean,std,mean,mean,mean,,,
92,Algorithm,,,,,,,,,,,,,,,,
93,A2C,0.4461,0.0638,0.385,0.1248,0.4286,0.0755,0.417,0.0862,0.4084,0.0954,0.465,0.615,0.54,,,
94,DQN,0.3,0.483,0.02,0.035,0.0774,0.131,0.0491,0.0844,0.0372,0.0644,0.005,0.98,0.4925,,,
95,PPO,0.5407,0.3227,0.125,0.1161,0.2787,0.1804,0.2194,0.1646,0.1871,0.1515,0.115,0.875,0.495,,,
96,REINFORCE,0.7589,0.0424,0.78,0.0789,0.7617,0.0403,0.7644,0.0428,0.7672,0.0478,0.25,0.22,0.235,,,
97,------------------------------------------------------------------------------------------------------------------------,,,,,,,,,,,,,,,,
98,Date,Time,Environment,Noise,Breakdown_chance,Train_data,env.R1,env.R2,env.R3,Wear threshold,Look-ahead Factor,Episodes,Terminate on,Test_info,Test_cases,Metrics_method,Version
99,21-Jun-23,13:23:43,PHM C06 simple (NT) NBD-SS,None,0,data\PHM_Tool_Wear_Data_C06_0p13.csv,1,-1,-40,0.13,0.95,800,348,Separate test set.,40,binary,9_PHM_C06_SS_NT_10K_NoNBD_
100,,,,,,,,,,,,,,,,,
101,,Precision,Precision,Recall,Recall,F_Beta_0_5,F_Beta_0_5,F_Beta_0_75,F_Beta_0_75,F_1_Score,F_1_Score,Normal_error,Replace_error,Overall_error,,,
102,,mean,std,mean,std,mean,std,mean,std,mean,std,mean,mean,mean,,,
103,Algorithm,,,,,,,,,,,,,,,,
104,A2C,0.4901,0.0884,0.495,0.0926,0.4901,0.0854,0.4904,0.0843,0.4909,0.0843,0.52,0.505,0.5125,,,
105,DQN,0.3333,0.4714,0.02,0.0258,0.0781,0.102,0.0492,0.0638,0.0373,0.0482,0.025,0.98,0.5025,,,
106,PPO,0.2943,0.2427,0.055,0.0438,0.1529,0.1216,0.1122,0.0891,0.0913,0.0725,0.125,0.945,0.535,,,
107,REINFORCE,0.9875,0.0395,0.53,0.0978,0.8377,0.0681,0.7489,0.0822,0.6861,0.0896,0.005,0.47,0.2375,,,
108,------------------------------------------------------------------------------------------------------------------------,,,,,,,,,,,,,,,,
109,Date,Time,Environment,Noise,Breakdown_chance,Train_data,env.R1,env.R2,env.R3,Wear threshold,Look-ahead Factor,Episodes,Terminate on,Test_info,Test_cases,Metrics_method,Version
110,21-Jun-23,13:24:26,PHM C06 simple (NT) LBD-SS,0.001,0.05,data\PHM_Tool_Wear_Data_C06_0p13.csv,1,-1,-40,0.13,0.95,800,348,Separate test set.,40,binary,10_PHM_C06_SS_NT_10K_LowNBD_
111,,,,,,,,,,,,,,,,,
112,,Precision,Precision,Recall,Recall,F_Beta_0_5,F_Beta_0_5,F_Beta_0_75,F_Beta_0_75,F_1_Score,F_1_Score,Normal_error,Replace_error,Overall_error,,,
113,,mean,std,mean,std,mean,std,mean,std,mean,std,mean,mean,mean,,,
114,Algorithm,,,,,,,,,,,,,,,,
115,A2C,0.5185,0.034,0.875,0.054,0.5644,0.0356,0.6074,0.0371,0.6508,0.0388,0.815,0.125,0.47,,,
116,DQN,0.2,0.3496,0.02,0.035,0.0665,0.1097,0.045,0.0759,0.0353,0.0602,0.025,0.98,0.5025,,,
117,PPO,0.3789,0.1383,0.17,0.0949,0.3006,0.1294,0.2595,0.1216,0.2322,0.1149,0.255,0.83,0.5425,,,
118,REINFORCE,0.9307,0.0495,0.795,0.0864,0.8983,0.0499,0.8747,0.0556,0.8554,0.0622,0.06,0.205,0.1325,,,
119,------------------------------------------------------------------------------------------------------------------------,,,,,,,,,,,,,,,,
120,Date,Time,Environment,Noise,Breakdown_chance,Train_data,env.R1,env.R2,env.R3,Wear threshold,Look-ahead Factor,Episodes,Terminate on,Test_info,Test_cases,Metrics_method,Version
121,21-Jun-23,13:25:08,PHM C06 simple (NT) HBD-SS,0.01,0.1,data\PHM_Tool_Wear_Data_C06_0p13.csv,1,-1,-40,0.13,0.9,800,348,Separate test set.,40,binary,11_PHM_C06_SS_NT_10K_HighNBD_
122,,,,,,,,,,,,,,,,,
123,,Precision,Precision,Recall,Recall,F_Beta_0_5,F_Beta_0_5,F_Beta_0_75,F_Beta_0_75,F_1_Score,F_1_Score,Normal_error,Replace_error,Overall_error,,,
124,,mean,std,mean,std,mean,std,mean,std,mean,std,mean,mean,mean,,,
125,Algorithm,,,,,,,,,,,,,,,,
126,A2C,0.5,0,1,0,0.5556,0,0.6098,0,0.6667,0,1,0,0.5,,,
127,DQN,0.6,0.4595,0.035,0.0242,0.1399,0.0973,0.0874,0.0604,0.0658,0.0454,0.01,0.965,0.4875,,,
128,PPO,0.3952,0.1142,0.18,0.0715,0.3148,0.1014,0.2727,0.0939,0.2446,0.088,0.265,0.82,0.5425,,,
129,REINFORCE,0.6794,0.0635,0.89,0.0568,0.7128,0.0609,0.7421,0.0588,0.7698,0.0572,0.425,0.11,0.2675,,,
130,------------------------------------------------------------------------------------------------------------------------,,,,,,,,,,,,,,,,
131,Date,Time,Environment,Noise,Breakdown_chance,Train_data,env.R1,env.R2,env.R3,Wear threshold,Look-ahead Factor,Episodes,Terminate on,Test_info,Test_cases,Metrics_method,Version
132,21-Jun-23,13:25:51,PHM C01 complex multi-variate state NBD-MS,None,0,data\PHM_Tool_Wear_Data_C01_0p12.csv,1,-1,-40,0.12,0.925,800,348,Separate test set.,40,binary,12_PHM_C01_MS_10K_NoNBD_
133,,,,,,,,,,,,,,,,,
134,,Precision,Precision,Recall,Recall,F_Beta_0_5,F_Beta_0_5,F_Beta_0_75,F_Beta_0_75,F_1_Score,F_1_Score,Normal_error,Replace_error,Overall_error,,,
135,,mean,std,mean,std,mean,std,mean,std,mean,std,mean,mean,mean,,,
136,Algorithm,,,,,,,,,,,,,,,,
137,A2C,0.6048,0.227,0.13,0.0856,0.3371,0.1742,0.2539,0.145,0.2096,0.1261,0.07,0.87,0.47,,,
138,DQN,0.2833,0.3853,0.03,0.0422,0.1012,0.1367,0.0684,0.094,0.0534,0.074,0.025,0.97,0.4975,,,
139,PPO,0.4626,0.1283,0.275,0.1318,0.3982,0.1328,0.3623,0.1353,0.3373,0.1359,0.3,0.725,0.5125,,,
140,REINFORCE,0.8311,0.0604,0.875,0.054,0.8391,0.0559,0.8458,0.0531,0.8518,0.0514,0.18,0.125,0.1525,,,
141,------------------------------------------------------------------------------------------------------------------------,,,,,,,,,,,,,,,,
142,Date,Time,Environment,Noise,Breakdown_chance,Train_data,env.R1,env.R2,env.R3,Wear threshold,Look-ahead Factor,Episodes,Terminate on,Test_info,Test_cases,Metrics_method,Version
143,21-Jun-23,13:26:38,PHM C04 complex multi-variate state NBD-MS,None,0,data\PHM_Tool_Wear_Data_C04_0p098.csv,1,-1,-50,0.098,0.85,800,348,Separate test set.,40,binary,13_PHM_C04_MS_10K_NoNBD_
144,,,,,,,,,,,,,,,,,
145,,Precision,Precision,Recall,Recall,F_Beta_0_5,F_Beta_0_5,F_Beta_0_75,F_Beta_0_75,F_1_Score,F_1_Score,Normal_error,Replace_error,Overall_error,,,
146,,mean,std,mean,std,mean,std,mean,std,mean,std,mean,mean,mean,,,
147,Algorithm,,,,,,,,,,,,,,,,
148,A2C,0.5182,0.1491,0.25,0.085,0.4214,0.124,0.369,0.1127,0.3336,0.105,0.24,0.75,0.495,,,
149,DQN,0.4974,0.0102,0.965,0.0337,0.5507,0.0118,0.6024,0.0136,0.6563,0.0157,0.975,0.035,0.505,,,
150,PPO,0.5075,0.0734,0.46,0.0775,0.4953,0.067,0.4866,0.0643,0.4797,0.0639,0.455,0.54,0.4975,,,
151,REINFORCE,0.7313,0.1117,0.695,0.1141,0.722,0.1043,0.7155,0.102,0.7103,0.1021,0.26,0.305,0.2825,,,
152,------------------------------------------------------------------------------------------------------------------------,,,,,,,,,,,,,,,,
153,Date,Time,Environment,Noise,Breakdown_chance,Train_data,env.R1,env.R2,env.R3,Wear threshold,Look-ahead Factor,Episodes,Terminate on,Test_info,Test_cases,Metrics_method,Version
154,21-Jun-23,16:55:36,PHM C06 complex multi-variate state NBD-MS,None,0,data\PHM_Tool_Wear_Data_C06_0p13.csv,1,-1,-40,0.13,0.925,800,348,Separate test set.,40,binary,0_PHM_C06_MS_10K_NoNBD_
155,,,,,,,,,,,,,,,,,
156,,Precision,Precision,Recall,Recall,F_Beta_0_5,F_Beta_0_5,F_Beta_0_75,F_Beta_0_75,F_1_Score,F_1_Score,Normal_error,Replace_error,Overall_error,,,
157,,mean,std,mean,std,mean,std,mean,std,mean,std,mean,mean,mean,,,
158,Algorithm,,,,,,,,,,,,,,,,
159,A2C,0.5408,0.1158,0.42,0.0823,0.5085,0.0974,0.4864,0.0883,0.4693,0.0835,0.37,0.58,0.475,,,
160,DQN,0.6667,0.4714,0.055,0.0497,0.1972,0.1598,0.1294,0.1103,0.0998,0.087,0.005,0.945,0.475,,,
161,PPO,0.425,0.1365,0.25,0.1054,0.3718,0.1291,0.3384,0.1238,0.3139,0.1194,0.325,0.75,0.5375,,,
162,REINFORCE,1,0,0.61,0.0394,0.8859,0.017,0.8121,0.0256,0.7571,0.0307,0,0.39,0.195,,,
163,------------------------------------------------------------------------------------------------------------------------,,,,,,,,,,,,,,,,
0,21-Jun-23,14:22:42,Simulated Dasic 2006 - simple (NT) state - NBD-SS,None,0,data\Simulated_Dasic_2006_Tool_Wear_Model_Train.csv,1,-1,-100,3,1,800,121,Separate test set.,40,binary,0_Dasic_SS_NT_10K_NoNBD_
1,,,,,,,,,,,,,,,,,
2,,Precision,Precision,Recall,Recall,F_Beta_0_5,F_Beta_0_5,F_Beta_0_75,F_Beta_0_75,F_1_Score,F_1_Score,Normal_error,Replace_error,Overall_error,,,
3,,mean,std,mean,std,mean,std,mean,std,mean,std,mean,mean,mean,,,
4,Algorithm,,,,,,,,,,,,,,,,
5,A2C,0,0,0,0,0,0,0,0,0,0,0.03,1,0.515,,,
6,DQN,0.5026,0.0103,0.99,0.0211,0.5575,0.0108,0.6109,0.0113,0.6667,0.012,0.98,0.01,0.495,,,
7,PPO,0.2167,0.2008,0.04,0.0394,0.1116,0.1037,0.0818,0.0776,0.0665,0.0639,0.125,0.96,0.5425,,,
8,REINFORCE,1,0,0.65,0.0527,0.9017,0.0212,0.8364,0.0324,0.7867,0.0395,0,0.35,0.175,,,
9,------------------------------------------------------------------------------------------------------------------------,,,,,,,,,,,,,,,,
10,Date,Time,Environment,Noise,Breakdown_chance,Train_data,env.R1,env.R2,env.R3,Wear threshold,Look-ahead Factor,Episodes,Terminate on,Test_info,Test_cases,Metrics_method,Version
11,21-Jun-23,14:24:10,Simulated Dasic 2006 - simple (NT) state - LBD-SS,0.001,0.05,data\Simulated_Dasic_2006_Tool_Wear_Model_Train.csv,1,-1,-100,3,1,800,121,Separate test set.,40,binary,1_Dasic_SS_NT_10K_LowNBD_
12,,,,,,,,,,,,,,,,,
13,,Precision,Precision,Recall,Recall,F_Beta_0_5,F_Beta_0_5,F_Beta_0_75,F_Beta_0_75,F_1_Score,F_1_Score,Normal_error,Replace_error,Overall_error,,,
14,,mean,std,mean,std,mean,std,mean,std,mean,std,mean,mean,mean,,,
15,Algorithm,,,,,,,,,,,,,,,,
16,A2C,0.5008,0.1225,0.44,0.1449,0.4855,0.1262,0.4747,0.1297,0.466,0.1329,0.425,0.56,0.4925,,,
17,DQN,0.35,0.4743,0.025,0.0354,0.0952,0.1315,0.0609,0.085,0.0463,0.065,0.015,0.975,0.495,,,
18,PPO,0.25,0.1925,0.04,0.0316,0.1203,0.092,0.0857,0.0663,0.0685,0.0534,0.1,0.96,0.53,,,
19,REINFORCE,0.9087,0.0482,0.965,0.0412,0.9187,0.0392,0.9272,0.0333,0.9349,0.03,0.1,0.035,0.0675,,,
20,------------------------------------------------------------------------------------------------------------------------,,,,,,,,,,,,,,,,
21,Date,Time,Environment,Noise,Breakdown_chance,Train_data,env.R1,env.R2,env.R3,Wear threshold,Look-ahead Factor,Episodes,Terminate on,Test_info,Test_cases,Metrics_method,Version
22,21-Jun-23,14:25:33,Simulated Dasic 2006 - simple (NT) state - HBD-SS,0.01,0.1,data\Simulated_Dasic_2006_Tool_Wear_Model_Train.csv,1,-1,-100,3,1,800,121,Separate test set.,40,binary,2_Dasic_SS_NT_10K_HighNBD_
23,,,,,,,,,,,,,,,,,
24,,Precision,Precision,Recall,Recall,F_Beta_0_5,F_Beta_0_5,F_Beta_0_75,F_Beta_0_75,F_1_Score,F_1_Score,Normal_error,Replace_error,Overall_error,,,
25,,mean,std,mean,std,mean,std,mean,std,mean,std,mean,mean,mean,,,
26,Algorithm,,,,,,,,,,,,,,,,
27,A2C,0.5136,0.1103,0.535,0.0883,0.5159,0.1005,0.5185,0.0944,0.5212,0.0903,0.525,0.465,0.495,,,
28,DQN,0.4167,0.4665,0.03,0.035,0.1116,0.1226,0.072,0.081,0.0551,0.0627,0.02,0.97,0.495,,,
29,PPO,0.3959,0.1526,0.125,0.0425,0.2703,0.097,0.218,0.076,0.187,0.0643,0.21,0.875,0.5425,,,
30,REINFORCE,0.9031,0.0311,0.97,0.035,0.9155,0.0277,0.9257,0.0261,0.9349,0.0258,0.105,0.03,0.0675,,,
31,------------------------------------------------------------------------------------------------------------------------,,,,,,,,,,,,,,,,
32,Date,Time,Environment,Noise,Breakdown_chance,Train_data,env.R1,env.R2,env.R3,Wear threshold,Look-ahead Factor,Episodes,Terminate on,Test_info,Test_cases,Metrics_method,Version
33,21-Jun-23,14:26:58,PHM C01 simple (NT) NBD-SS,None,0,data\PHM_Tool_Wear_Data_C01_0p12.csv,1,-2,-40,0.12,0.95,800,348,Separate test set.,40,binary,3_PHM_C01_SS_NT_10K_NoNBD_
34,,,,,,,,,,,,,,,,,
35,,Precision,Precision,Recall,Recall,F_Beta_0_5,F_Beta_0_5,F_Beta_0_75,F_Beta_0_75,F_1_Score,F_1_Score,Normal_error,Replace_error,Overall_error,,,
36,,mean,std,mean,std,mean,std,mean,std,mean,std,mean,mean,mean,,,
37,Algorithm,,,,,,,,,,,,,,,,
38,A2C,0,0,0,0,0,0,0,0,0,0,0,1,0.5,,,
39,DQN,0.0986,0.1094,0.03,0.035,0.0674,0.0762,0.0539,0.0616,0.0459,0.0527,0.245,0.97,0.6075,,,
40,PPO,0.5446,0.076,0.69,0.1101,0.5679,0.0783,0.5882,0.0813,0.6074,0.085,0.58,0.31,0.445,,,
41,REINFORCE,0.8366,0.0705,0.99,0.0211,0.8627,0.0615,0.885,0.0534,0.9057,0.0459,0.2,0.01,0.105,,,
42,------------------------------------------------------------------------------------------------------------------------,,,,,,,,,,,,,,,,
43,Date,Time,Environment,Noise,Breakdown_chance,Train_data,env.R1,env.R2,env.R3,Wear threshold,Look-ahead Factor,Episodes,Terminate on,Test_info,Test_cases,Metrics_method,Version
44,21-Jun-23,14:28:27,PHM C01 simple (NT) LBD-SS,0.001,0.05,data\PHM_Tool_Wear_Data_C01_0p12.csv,1,-1,-100,0.12,0.9,800,348,Separate test set.,40,binary,4_PHM_C01_SS_NT_10K_LowNBD_
45,,,,,,,,,,,,,,,,,
46,,Precision,Precision,Recall,Recall,F_Beta_0_5,F_Beta_0_5,F_Beta_0_75,F_Beta_0_75,F_1_Score,F_1_Score,Normal_error,Replace_error,Overall_error,,,
47,,mean,std,mean,std,mean,std,mean,std,mean,std,mean,mean,mean,,,
48,Algorithm,,,,,,,,,,,,,,,,
49,A2C,0.5832,0.0775,0.76,0.0658,0.6109,0.0743,0.6353,0.0715,0.6585,0.069,0.555,0.24,0.3975,,,
50,DQN,0.01,0.0316,0.005,0.0158,0.0083,0.0264,0.0074,0.0233,0.0067,0.0211,0.425,0.995,0.71,,,
51,PPO,0.551,0.1223,0.465,0.1375,0.5286,0.1175,0.5128,0.117,0.5004,0.1188,0.38,0.535,0.4575,,,
52,REINFORCE,0.9003,0.0434,0.85,0.0667,0.889,0.0414,0.8804,0.0434,0.8732,0.0471,0.095,0.15,0.1225,,,
53,------------------------------------------------------------------------------------------------------------------------,,,,,,,,,,,,,,,,
54,Date,Time,Environment,Noise,Breakdown_chance,Train_data,env.R1,env.R2,env.R3,Wear threshold,Look-ahead Factor,Episodes,Terminate on,Test_info,Test_cases,Metrics_method,Version
55,21-Jun-23,14:29:43,PHM C01 simple (NT) HBD-SS,0.01,0.1,data\PHM_Tool_Wear_Data_C01_0p12.csv,1,-1,-40,0.12,0.85,800,348,Separate test set.,40,binary,5_PHM_C01_SS_NT_10K_HighNBD_
56,,,,,,,,,,,,,,,,,
57,,Precision,Precision,Recall,Recall,F_Beta_0_5,F_Beta_0_5,F_Beta_0_75,F_Beta_0_75,F_1_Score,F_1_Score,Normal_error,Replace_error,Overall_error,,,
58,,mean,std,mean,std,mean,std,mean,std,mean,std,mean,mean,mean,,,
59,Algorithm,,,,,,,,,,,,,,,,
60,A2C,0.4869,0.0794,0.42,0.0823,0.4714,0.0792,0.4599,0.0795,0.4504,0.0799,0.44,0.58,0.51,,,
61,DQN,0.2333,0.4172,0.015,0.0242,0.0573,0.0933,0.0365,0.0589,0.0277,0.0447,0.01,0.985,0.4975,,,
62,PPO,0.3688,0.2055,0.155,0.1092,0.2793,0.1668,0.2384,0.1494,0.2125,0.1378,0.26,0.845,0.5525,,,
63,REINFORCE,0.7505,0.0348,0.94,0.0316,0.7817,0.0302,0.8087,0.0265,0.834,0.024,0.315,0.06,0.1875,,,
64,------------------------------------------------------------------------------------------------------------------------,,,,,,,,,,,,,,,,
65,Date,Time,Environment,Noise,Breakdown_chance,Train_data,env.R1,env.R2,env.R3,Wear threshold,Look-ahead Factor,Episodes,Terminate on,Test_info,Test_cases,Metrics_method,Version
66,21-Jun-23,14:31:10,PHM C04 simple (NT) NBD-SS,None,0,data\PHM_Tool_Wear_Data_C04_0p098.csv,1,-1,-40,0.098,0.95,800,348,Separate test set.,40,binary,6_PHM_C04_SS_NT_10K_NoNBD_
67,,,,,,,,,,,,,,,,,
68,,Precision,Precision,Recall,Recall,F_Beta_0_5,F_Beta_0_5,F_Beta_0_75,F_Beta_0_75,F_1_Score,F_1_Score,Normal_error,Replace_error,Overall_error,,,
69,,mean,std,mean,std,mean,std,mean,std,mean,std,mean,mean,mean,,,
70,Algorithm,,,,,,,,,,,,,,,,
71,A2C,0.5432,0.0425,0.69,0.1542,0.5641,0.0541,0.5833,0.0684,0.6022,0.0835,0.575,0.31,0.4425,,,
72,DQN,0.3169,0.0202,0.45,0.0333,0.3368,0.0216,0.3546,0.023,0.3718,0.0245,0.97,0.55,0.76,,,
73,PPO,0.62,0.3353,0.08,0.0537,0.2449,0.1326,0.172,0.1019,0.1371,0.0851,0.07,0.92,0.495,,,
74,REINFORCE,0.8623,0.0655,0.96,0.0394,0.8791,0.052,0.8934,0.0418,0.9066,0.034,0.16,0.04,0.1,,,
75,------------------------------------------------------------------------------------------------------------------------,,,,,,,,,,,,,,,,
76,Date,Time,Environment,Noise,Breakdown_chance,Train_data,env.R1,env.R2,env.R3,Wear threshold,Look-ahead Factor,Episodes,Terminate on,Test_info,Test_cases,Metrics_method,Version
77,21-Jun-23,14:32:43,PHM C04 simple (NT) LBD-SS,0.001,0.05,data\PHM_Tool_Wear_Data_C04_0p098.csv,1,-1,-40,0.098,0.85,800,348,Separate test set.,40,binary,7_PHM_C04_SS_NT_10K_LowNBD_
78,,,,,,,,,,,,,,,,,
79,,Precision,Precision,Recall,Recall,F_Beta_0_5,F_Beta_0_5,F_Beta_0_75,F_Beta_0_75,F_1_Score,F_1_Score,Normal_error,Replace_error,Overall_error,,,
80,,mean,std,mean,std,mean,std,mean,std,mean,std,mean,mean,mean,,,
81,Algorithm,,,,,,,,,,,,,,,,
82,A2C,0.4384,0.0557,0.46,0.0843,0.4408,0.0522,0.4434,0.0533,0.4461,0.0569,0.595,0.54,0.5675,,,
83,DQN,0.5014,0.0115,0.97,0.035,0.555,0.0121,0.6068,0.0131,0.6609,0.0146,0.965,0.03,0.4975,,,
84,PPO,0.4835,0.1135,0.3,0.0782,0.4271,0.0946,0.3923,0.088,0.3668,0.0846,0.33,0.7,0.515,,,
85,REINFORCE,0.7047,0.0324,0.985,0.0242,0.747,0.0303,0.7848,0.0283,0.8212,0.0264,0.415,0.015,0.215,,,
86,------------------------------------------------------------------------------------------------------------------------,,,,,,,,,,,,,,,,
87,Date,Time,Environment,Noise,Breakdown_chance,Train_data,env.R1,env.R2,env.R3,Wear threshold,Look-ahead Factor,Episodes,Terminate on,Test_info,Test_cases,Metrics_method,Version
88,21-Jun-23,14:34:10,PHM C04 simple (NT) HBD-SS,0.01,0.1,data\PHM_Tool_Wear_Data_C04_0p098.csv,1,-1,-100,0.098,0.9,800,348,Separate test set.,40,binary,8_PHM_C04_SS_NT_10K_HighNBD_
89,,,,,,,,,,,,,,,,,
90,,Precision,Precision,Recall,Recall,F_Beta_0_5,F_Beta_0_5,F_Beta_0_75,F_Beta_0_75,F_1_Score,F_1_Score,Normal_error,Replace_error,Overall_error,,,
91,,mean,std,mean,std,mean,std,mean,std,mean,std,mean,mean,mean,,,
92,Algorithm,,,,,,,,,,,,,,,,
93,A2C,0.4365,0.0896,0.465,0.1435,0.4401,0.0985,0.4437,0.1062,0.4474,0.1135,0.585,0.535,0.56,,,
94,DQN,0.3667,0.483,0.025,0.0354,0.0937,0.1247,0.0602,0.0821,0.046,0.0635,0.02,0.975,0.4975,,,
95,PPO,0.4612,0.2013,0.215,0.1203,0.3691,0.1735,0.321,0.159,0.2891,0.1485,0.23,0.785,0.5075,,,
96,REINFORCE,0.7079,0.0451,0.745,0.0864,0.7145,0.0515,0.7201,0.0574,0.7252,0.0631,0.305,0.255,0.28,,,
97,------------------------------------------------------------------------------------------------------------------------,,,,,,,,,,,,,,,,
98,Date,Time,Environment,Noise,Breakdown_chance,Train_data,env.R1,env.R2,env.R3,Wear threshold,Look-ahead Factor,Episodes,Terminate on,Test_info,Test_cases,Metrics_method,Version
99,21-Jun-23,14:35:38,PHM C06 simple (NT) NBD-SS,None,0,data\PHM_Tool_Wear_Data_C06_0p13.csv,1,-1,-40,0.13,0.95,800,348,Separate test set.,40,binary,9_PHM_C06_SS_NT_10K_NoNBD_
100,,,,,,,,,,,,,,,,,
101,,Precision,Precision,Recall,Recall,F_Beta_0_5,F_Beta_0_5,F_Beta_0_75,F_Beta_0_75,F_1_Score,F_1_Score,Normal_error,Replace_error,Overall_error,,,
102,,mean,std,mean,std,mean,std,mean,std,mean,std,mean,mean,mean,,,
103,Algorithm,,,,,,,,,,,,,,,,
104,A2C,0.5196,0.0715,0.545,0.1301,0.5224,0.0787,0.5254,0.0865,0.5286,0.0945,0.5,0.455,0.4775,,,
105,DQN,0.5053,0.014,0.98,0.0258,0.5595,0.0147,0.612,0.0154,0.6667,0.0161,0.96,0.02,0.49,,,
106,PPO,0.5359,0.0311,0.755,0.0956,0.5685,0.0378,0.5977,0.0448,0.626,0.0523,0.65,0.245,0.4475,,,
107,REINFORCE,1,0,0.69,0.0907,0.915,0.0294,0.8577,0.0474,0.8137,0.0601,0,0.31,0.155,,,
108,------------------------------------------------------------------------------------------------------------------------,,,,,,,,,,,,,,,,
109,Date,Time,Environment,Noise,Breakdown_chance,Train_data,env.R1,env.R2,env.R3,Wear threshold,Look-ahead Factor,Episodes,Terminate on,Test_info,Test_cases,Metrics_method,Version
110,21-Jun-23,14:37:06,PHM C06 simple (NT) LBD-SS,0.001,0.05,data\PHM_Tool_Wear_Data_C06_0p13.csv,1,-1,-40,0.13,0.95,800,348,Separate test set.,40,binary,10_PHM_C06_SS_NT_10K_LowNBD_
111,,,,,,,,,,,,,,,,,
112,,Precision,Precision,Recall,Recall,F_Beta_0_5,F_Beta_0_5,F_Beta_0_75,F_Beta_0_75,F_1_Score,F_1_Score,Normal_error,Replace_error,Overall_error,,,
113,,mean,std,mean,std,mean,std,mean,std,mean,std,mean,mean,mean,,,
114,Algorithm,,,,,,,,,,,,,,,,
115,A2C,0.4426,0.0771,0.415,0.1055,0.4351,0.079,0.4299,0.0825,0.4259,0.0866,0.52,0.585,0.5525,,,
116,DQN,0.4987,0.0144,0.975,0.0425,0.5526,0.0164,0.605,0.0185,0.6597,0.0211,0.98,0.025,0.5025,,,
117,PPO,0.3777,0.161,0.145,0.0685,0.277,0.1071,0.2328,0.0952,0.2051,0.0877,0.255,0.855,0.555,,,
118,REINFORCE,0.9778,0.0388,0.835,0.0883,0.9435,0.039,0.9185,0.0481,0.8982,0.0577,0.02,0.165,0.0925,,,
119,------------------------------------------------------------------------------------------------------------------------,,,,,,,,,,,,,,,,
120,Date,Time,Environment,Noise,Breakdown_chance,Train_data,env.R1,env.R2,env.R3,Wear threshold,Look-ahead Factor,Episodes,Terminate on,Test_info,Test_cases,Metrics_method,Version
121,21-Jun-23,14:38:28,PHM C06 simple (NT) HBD-SS,0.01,0.1,data\PHM_Tool_Wear_Data_C06_0p13.csv,1,-1,-40,0.13,0.9,800,348,Separate test set.,40,binary,11_PHM_C06_SS_NT_10K_HighNBD_
122,,,,,,,,,,,,,,,,,
123,,Precision,Precision,Recall,Recall,F_Beta_0_5,F_Beta_0_5,F_Beta_0_75,F_Beta_0_75,F_1_Score,F_1_Score,Normal_error,Replace_error,Overall_error,,,
124,,mean,std,mean,std,mean,std,mean,std,mean,std,mean,mean,mean,,,
125,Algorithm,,,,,,,,,,,,,,,,
126,A2C,0.472,0.0876,0.37,0.0856,0.4461,0.0844,0.4278,0.0833,0.4132,0.0832,0.415,0.63,0.5225,,,
127,DQN,0.5054,0.0128,0.975,0.0264,0.5592,0.013,0.6113,0.0132,0.6656,0.0136,0.955,0.025,0.49,,,
128,PPO,0.4792,0.2885,0.125,0.092,0.2781,0.1631,0.2208,0.1415,0.1884,0.1268,0.15,0.875,0.5125,,,
129,REINFORCE,0.7135,0.0563,0.905,0.0284,0.7444,0.0495,0.7714,0.0435,0.7968,0.038,0.37,0.095,0.2325,,,
130,------------------------------------------------------------------------------------------------------------------------,,,,,,,,,,,,,,,,
131,Date,Time,Environment,Noise,Breakdown_chance,Train_data,env.R1,env.R2,env.R3,Wear threshold,Look-ahead Factor,Episodes,Terminate on,Test_info,Test_cases,Metrics_method,Version
132,21-Jun-23,14:39:49,PHM C01 complex multi-variate state NBD-MS,None,0,data\PHM_Tool_Wear_Data_C01_0p12.csv,1,-1,-40,0.12,0.925,800,348,Separate test set.,40,binary,12_PHM_C01_MS_10K_NoNBD_
133,,,,,,,,,,,,,,,,,
134,,Precision,Precision,Recall,Recall,F_Beta_0_5,F_Beta_0_5,F_Beta_0_75,F_Beta_0_75,F_1_Score,F_1_Score,Normal_error,Replace_error,Overall_error,,,
135,,mean,std,mean,std,mean,std,mean,std,mean,std,mean,mean,mean,,,
136,Algorithm,,,,,,,,,,,,,,,,
137,A2C,0.5334,0.0783,0.365,0.1435,0.4778,0.0907,0.4453,0.1048,0.4224,0.1158,0.315,0.635,0.475,,,
138,DQN,0.2333,0.4172,0.015,0.0242,0.0573,0.0933,0.0365,0.0589,0.0277,0.0447,0.03,0.985,0.5075,,,
139,PPO,0.4877,0.1302,0.35,0.1333,0.4473,0.1328,0.4218,0.1343,0.4027,0.1349,0.34,0.65,0.495,,,
140,REINFORCE,0.8353,0.0342,0.905,0.0497,0.8479,0.0309,0.8584,0.0302,0.8679,0.0314,0.18,0.095,0.1375,,,
141,------------------------------------------------------------------------------------------------------------------------,,,,,,,,,,,,,,,,
142,Date,Time,Environment,Noise,Breakdown_chance,Train_data,env.R1,env.R2,env.R3,Wear threshold,Look-ahead Factor,Episodes,Terminate on,Test_info,Test_cases,Metrics_method,Version
143,21-Jun-23,14:40:46,PHM C04 complex multi-variate state NBD-MS,None,0,data\PHM_Tool_Wear_Data_C04_0p098.csv,1,-1,-50,0.098,0.85,800,348,Separate test set.,40,binary,13_PHM_C04_MS_10K_NoNBD_
144,,,,,,,,,,,,,,,,,
145,,Precision,Precision,Recall,Recall,F_Beta_0_5,F_Beta_0_5,F_Beta_0_75,F_Beta_0_75,F_1_Score,F_1_Score,Normal_error,Replace_error,Overall_error,,,
146,,mean,std,mean,std,mean,std,mean,std,mean,std,mean,mean,mean,,,
147,Algorithm,,,,,,,,,,,,,,,,
148,A2C,0.493,0.0868,0.385,0.0851,0.4634,0.0735,0.4433,0.0693,0.4279,0.0695,0.405,0.615,0.51,,,
149,DQN,0.4986,0.0182,0.965,0.0474,0.5519,0.0206,0.6036,0.0232,0.6574,0.0261,0.97,0.035,0.5025,,,
150,PPO,0.4822,0.0723,0.39,0.0907,0.4587,0.0742,0.4422,0.077,0.4291,0.0799,0.415,0.61,0.5125,,,
151,REINFORCE,0.7673,0.0957,0.645,0.0896,0.7353,0.0727,0.7131,0.066,0.6958,0.0667,0.205,0.355,0.28,,,
152,------------------------------------------------------------------------------------------------------------------------,,,,,,,,,,,,,,,,
153,Date,Time,Environment,Noise,Breakdown_chance,Train_data,env.R1,env.R2,env.R3,Wear threshold,Look-ahead Factor,Episodes,Terminate on,Test_info,Test_cases,Metrics_method,Version
154,21-Jun-23,16:57:14,PHM C06 complex multi-variate state NBD-MS,None,0,data\PHM_Tool_Wear_Data_C06_0p13.csv,1,-1,-40,0.13,0.925,800,348,Separate test set.,40,binary,0_PHM_C06_MS_10K_NoNBD_
155,,,,,,,,,,,,,,,,,
156,,Precision,Precision,Recall,Recall,F_Beta_0_5,F_Beta_0_5,F_Beta_0_75,F_Beta_0_75,F_1_Score,F_1_Score,Normal_error,Replace_error,Overall_error,,,
157,,mean,std,mean,std,mean,std,mean,std,mean,std,mean,mean,mean,,,
158,Algorithm,,,,,,,,,,,,,,,,
159,A2C,0.4987,0.0041,0.995,0.0158,0.554,0.005,0.6079,0.006,0.6644,0.0071,1,0.005,0.5025,,,
160,DQN,0.95,0.1125,0.12,0.0483,0.3849,0.0755,0.2652,0.0726,0.2092,0.0666,0.01,0.88,0.445,,,
161,PPO,0.5838,0.2253,0.17,0.0675,0.3762,0.1252,0.2997,0.1042,0.2559,0.0926,0.15,0.83,0.49,,,
162,REINFORCE,1,0,0.585,0.0337,0.8752,0.015,0.796,0.0223,0.7377,0.0267,0,0.415,0.2075,,,
163,------------------------------------------------------------------------------------------------------------------------,,,,,,,,,,,,,,,,
